화면키	화면명	메뉴	주담당	강사님	강사님_이름표	방법	UI	서버	연동	시험	고침	점수	이름표	근거	100%까지	배지반영
dashboard	통합 대시보드	로보 어드바이저	강민석(추정)		미평가	배점표	18	24	15	18		75	부분 검증	TC-DA 6 · TC-NV 7 · TC-KH 5 · 첫 화면 헤드리스 확인(10-03) · 점검은 /api/dashboard/accounts 를 안 부름	점검에 DASH-01 넣기 · 증권사 키 없는 상태의 빈 칸 안내 · 390 폭 머리글 넘침(IA I12)	아니오
agent-chat	AI 투자 상담	로보 어드바이저	이동원	68	부분 검증	강사님+고침					+10 근거 답(출처 카드 · 근거 없음 · 거절) — TC-KA 13 · TC-KS 7 · TC-KB 11 · TC-LW 10 · +4 점검 왕복(check.ps1 이 실제 DB · 외부와 왕복 확인 — 강사님 감점 사유 「E2E 미검증」 일부 해소) · +4 RAG 왕복 점검(올리기 → 찾기 → 순수 RAG → 지우기 → 0) · -2 DF-59 근거 답 오독(시행령 위임 조) · 에이전트가 자료 없는 도구를 되풀이(이어 답 약 2분)	84	핵심 검증	TC-CM 8 · TC-VS 5 · TC-KA · TC-KS · 점검 「데이터」 · 「느림」 · 「쓰기」 · 브라우저 모든 버튼(10-04)	DF-59 위임 조 · 재순위 · 동의어 · 평가셋 50 · 에이전트 도구 되풀이 막기	예
robo-portfolio	자산배분·최적화	로보 어드바이저	오준영	88	핵심 검증	강사님+고침					+4 점검 왕복(check.ps1 이 실제 DB · 외부와 왕복 확인 — 강사님 감점 사유 「E2E 미검증」 일부 해소) · -3 자산 배분 API 25초(점검 실측) — 기다리는 동안 화면 안내 확인 필요	89	핵심 검증	TC-RP 4 · 점검 「로보」 4(질문 · 성향 · 배분 · 목표 확률)	배분 25초 줄이기(캐시 · 미리 계산) · 배분 결과 저장 · 리밸런싱으로 넘기기	아니오
robo-rebalance	리밸런싱 엔진	로보 어드바이저	오준영	84	핵심 검증	강사님+고침					+2 점검 쓰기 — 목표 저장 → 미리보기 → 되돌리기(DB 왕복 · 체결은 아님)	86	핵심 검증	TC-RB 6 · 점검 「매매」 · 「쓰기」	현금흐름 · 실행 기록 API 점검 없음 · #79 주기 결정 반영	아니오
robo-screening	패턴 인식·종목 스크리닝	로보 어드바이저	신장환	82	부분 검증	강사님+고침					+4 점검 왕복(check.ps1 이 실제 DB · 외부와 왕복 확인 — 강사님 감점 사유 「E2E 미검증」 일부 해소)	86	핵심 검증	TC-XA 2 · 점검 종목 신호 31종목(13.5초) · XAI SHAP 기여 12	신호 스캔 13초 · 31종목 고정 목록 · 스크리닝 근거 화면 표시	아니오
robo-patterns	차트 패턴·지지/저항·멀티타임프레임	로보 어드바이저	신장환	92	검증 우수	강사님+고침					바뀐 근거 없음	92	검증 우수	TC-PT 7 · 점검 차트 패턴 · 다중 시간대	강사님 근거 그대로	아니오
robo-decision	모의 투자 의사결정	로보 어드바이저	강민석	72	부분 검증	강사님+고침					-2 화면에서 /performance/simulate(무작위 15일 자료) 를 부를 수 있다 — 시연 자료와 실제 자료 구분 표시 필요	70	부분 검증	TC-SR 3 · 점검 자동매매 상태만	의사결정 E2E 시험 · 시연 자료 표시 · 자동매매 시작/정지 점검	아니오
robo-testbed	코스콤 테스트베드 기준	로보 어드바이저	강민석		미평가	배점표	16	22	12	0		50	시험 없음	PR #92(10-02) · 부르는 API 6(성과 · 벤치마크 · 수익률 표 · 배분 기록) · QFRS 서비스 시험 0 · 점검 0	QFRS 계산 단위 시험 · 점검 묶음 · 스냅샷이 쌓이기 전 빈 상태 안내 · 코스콤 기준 대조표	아니오
agent-cb	신용 리스크 분석	로보 어드바이저	—	62	외부 의존	강사님+고침					-2 자료 없는 도구(query_personal_cb)를 되풀이 불러 답이 약 2분	60	외부 의존	TC-CM(채팅 공통) · 점검 채팅 순수 RAG	신용 리스크 자료 · 주인 정하기	아니오
agent-products	맞춤 상품 추천	로보 어드바이저	—	62	외부 의존	강사님+고침					바뀐 근거 없음	62	외부 의존	TC-CM(채팅 공통)	상품 자료(은행 · 펀드 표) 연결 시험 · 주인 정하기	아니오
agent-news	투자 정보 리서치	로보 어드바이저	이동원	66	부분 검증	배점표	18	26	20	20		84	핵심 검증	2026-10-06 화면을 새로 만들어 배점표로 다시 매김(DF-61 닫힘 · 강사님 66 은 옛 화면 — 수집 기사 표 글자 찾기 5건) · public/js/research.js(Figma 안 B) · API-DATA-03 출처 · 주제 · 기간 · 종목 거름 · 출처별 개수 · 관련도순 · 종목 시간표 · TC-RS 5 · TC-DQ 9 · 점검 데이터 「수집 자료 검색」 왕복 · 브라우저 1280 · 390 · 모든 단추(10-06) · 감점 UI -2 원문은 바깥 링크로만(본문을 받지 않음) · 서버 -4 뜻으로 찾기(벡터) 없음 — 낱말 + 용어 사전 넓히기만 · 연동 -5 색인은 하루 한 번(12:30) · 언론사 기사는 제목 · 링크만 · 시험 -5 화면 동작은 브라우저 수동 확인뿐	뜻으로 찾기(근거 찾기처럼 낱말 + 벡터) · 장중 공시 색인 · 화면 동작 자동 시험(브라우저 시험 도구는 팀 논의 뒤)	예
data-status	데이터 관제	데이터	이동원		미평가	배점표	20	28	22	22		92	검증 우수	TC-DST 10 · TC-DH 4 · TC-DU 17 · TC-HF 7 · 점검 「데이터」 · 브라우저(10-02) · 2026-10-10 관리자에게만 수집 요청 한 줄(TC-CL-14 · TC-DH-01 · 브라우저) · 2026-10-10 폭 390 머리글 — 자료 상태 배지를 480 아래 색 점만(문서 폭 390 · 배지가 채워진 뒤에도 · UI +2 · IA I12 일부)	첫 호출 행 수 pending 안내	예
data-guide	자료 안내	데이터	이동원		미평가	배점표	18	26	20	20		84	핵심 검증	2026-10-08 새 화면(Figma 안 B + 안 A 서랍) · public/js/dataguide.js · API-DATA-11(모든 로그인 사용자 · 개발 칸은 서버가 관리자에게만) · 대장 넷 → 생성물(scripts/data_guide_scan.py --check) · TC-DG 9 · 깨 보기 열둘(구현 여섯 + 검토 여섯 — 저장소 밖 사본) · 브라우저 1280 · 390 · 서랍 · 감점 UI -2 칸 정의(2단계) · 서버 -4 숫자 상태 파일(2단계) · 근거 문서 · 용어 숫자 없음 · 연동 -5 자료 직접 받기 출처 표가 아직 이 대장을 읽지 않음 · 주소로 서랍 열기 없음 · 시험 -5 화면 E2E 없음	칸 정의 · 숫자 상태 파일 · 출처 표 잇기 · 주소로 서랍	예
crawl-auto	수집 일정 · 단계	데이터	이동원(수집)	60	외부 의존	배점표	20	30	25	22		97	검증 우수	2026-10-08 화면을 새로 만들어 배점표로 다시 매김(옛 강사님 예제 — 외부 문서 자동 크롤링 · 결정 ③ 뺌) · public/js/collect.js · API-DATA-05 단계 목록 · 회차 기록 · 도는 중 단계(진행 파일) · 한 단계 다시는 명령 상자(결정 가) · TC-CL 7 · TC-DST 15 · TC-DU 진행 파일 · 점검 「수집 일정 · 단계」 왕복 · 10-08 정기 회차 19 / 19 확인 · 브라우저 1440 · 1024 · 768 · 390 · 모든 단추 · 감점 UI -2 390 머리글 넘침(IA I12) · 서버 -2 한 단계 다시 뒤 기준일 안 잼(DF-85) · 연동 -3 신호 단계 없음(#142) · 시험 -3 화면 E2E 는 브라우저 손 점검 · 2026-10-08 오후 한 단계 다시 뒤 기준일을 다시 잼(DF-85 닫힘 · 서버 +2) · 신호 단계 연결(#142 · 앱 DB 주소는 compose 에서 · 꺼짐은 돌리기 전에 확인 · 채울 날이 남은 건너뜀은 노랑 · 빠진 날 채우기 명령 — 연동 +3) · TC-DU · TC-DST-16 · 17 · TC-CL-08 · 깨 보기 스물한 곳 · 2026-10-10 화면 수집 단추(안 A — 줄마다 다시 받기 · 맨 위 전체 수집 · PC 작업자 띠 · 수집 요청 최근 10건 · 확인 창 · 대기 창(강사님 대기 창 꼴) · 막는 때에는 단추를 끈다 · 명령은 남김 · public/js/collect-requests.js · API-DATA-12 ~ 15 · PC 작업자 매 분) · TC-CL-06 · 09 ~ 14 · TC-CQ-16 · 17 · 실제 요청(정책뉴스 13초 · 3초) · 작업자를 끄고 3분 뒤 빨강 띠 · 막는 때(응답을 바꿔) · 같은 요청 두 번 · 취소 · 깨 보기 스무 곳 · 점수 그대로(남은 감점 UI -2 · 시험 -3) · 2026-10-10 수집 단추 남은 것 — 실패 · 경고 줄 아래 까닭 한 줄과 요청 결과의 까닭(DF-101 닫힘) · 빠진 날 세기 · 「빠진 날 채우기(n일)」 단추 · 확인 창 · 새 요청 종류 fill(이전 0019) · TC-DU · TC-CQ-18 ~ 23 · TC-CL-15 ~ 18 · TC-CW-13 ~ 15 · TC-DST-18 · 실제 요청 셋(배당 · DART 점검 까닭 / 신호 다시 받기 / 빠진 날 채우기 1분 18초) · 깨 보기 열아홉 · 폭 390 머리글(문서 폭 390 · ☰ · 더보기 · UI +2 · IA I12 일부) · 남은 감점 시험 -3	화면 동작 자동 시험(E2E)	예
crawl-manual	자료 직접 받기	데이터	이동원	58	외부 의존	배점표	18	26	22	22		88	핵심 검증	2026-10-08 화면을 새로 만들어 배점표로 다시 매김(옛 강사님 예제 — 네이버 종목 긁기 · 결정 ① 뺌) · API-DATA-08 · 09 받을 범위(수집 기록의 열쇠만 · 날 · 해) · 주소 검사 · 주소로 받기(리다이렉트 홉마다 다시 검사) · TC-FP 7 · TC-UG 24 · TC-CL · 점검 「받을 범위」 왕복 · 실제 opendart 쪽 한 건 받기 · 감점 서버 -4 받기는 명령 상자(PC 쪽 일 · 결정 가) · 매일 창의 받은 날 규칙은 기록 시각에 기댐 · 연동 -3 주소로 받기 E2E 시험 없음	주소로 받기 E2E 시험 · 받은 날 규칙을 정정 공시로 실측 · PC 쪽 실행기를 둘지 결정(지금은 명령 보여 주기)	예
crawl-ingest	적재 · 백업	데이터	이동원	68	부분 검증	배점표	18	26	23	22		89	핵심 검증	2026-10-08 화면을 새로 만들어 배점표로 다시 매김(옛 강사님 예제 — 신용평가 CSV 인제스트 · DB 초기화 · 결정 ② 뺌 · DF-78 닫힘) · API-DATA-10 판정 기록(scripts/hf_dataset.py 가 쓰고 앱은 읽기 — 조건 여섯 → 점검 줄 넷) · 확인 안 된 조건은 「아직」 · TC-BK 7(도구가 쓴 것을 앱이 읽음 포함) · TC-HF · 점검 「적재 · 백업」 왕복(첫 판정 기록 10-08 13:43) · 감점 서버 -4 판정은 도구 몫 · 연동 -5 원격 다시 확인 · 복원 리허설을 아직 돌리지 않아 판정 「아직」 셋 · 2026-10-08 원격 다시 확인(3초) · 복원 리허설(2,162만 행 · 495초 · 원문 sha256 52,390/52,390) · 깊은 대조(검사 63건)를 실제로 돌려 넷 다 통과 → 판정 「지워도 되나 — 예」(지우지는 않음 · 사용자 확인 뒤) — 연동 +3	OHLCV 데이터셋(krx-ohlcv) 판정 · 판정 기록이 매 회차 새로 써지는지(러너 첫 회차 10-09)	예
trading-chart	주가 차트	직접매매	신장환(추정)	78	부분 검증	강사님+고침					+4 점검 왕복(check.ps1 이 실제 DB · 외부와 왕복 확인 — 강사님 감점 사유 「E2E 미검증」 일부 해소) · +3 09-29 뒤 자동 시험 추가	85	핵심 검증	TC-CD 15 · TC-DF17 9 · TC-A1 9 · 점검 국내 일봉(수집 DB) · 현재가	종목 검색 시험 · 야후 장애 시 안내	아니오
trading-portfolio	포트폴리오	직접매매	—	72	부분 검증	강사님+고침					바뀐 근거 없음	72	부분 검증	강사님 근거 그대로	API 통합 시험 · 주인 정하기	아니오
trading-order	주문/매매	직접매매	—	58	목업 포함	강사님+고침					+3 09-29 뒤 자동 시험 추가	61	목업 포함	TC-LT 19 · TC-KL 3 · TC-GP 10(실거래 관문)	「Mockup」 글 정리 · 주인 정하기	아니오
paper-dashboard	모의계좌 현황	모의투자	강민석	70	부분 검증	강사님+고침					+2 점검 잔고 · -2 자산 추이가 시연용 무작위 15일 자료일 수 있다(PR #90 「현재는 15개 mock 데이터」 · /performance/simulate) · QFRS 시험 0	70	부분 검증	점검 「매매」 잔고 · PR #85 · #86 · #90 · #95	QFRS 단위 시험 · 시연 자료 표시 · 배치 스냅샷 확인	아니오
paper-stock	국내주식 모의주문	모의투자	강민석	72	부분 검증	강사님+고침					+4 점검 왕복(check.ps1 이 실제 DB · 외부와 왕복 확인 — 강사님 감점 사유 「E2E 미검증」 일부 해소) · +3 09-29 뒤 자동 시험 추가 · -2 주문 미리보기 276,000원 ↔ 실제 빠진 돈 276,049원 — 미리보기가 수수료 · 세금을 안 셈(결함 DF-21 다시 잼 · 점검 실측)	77	부분 검증	TC-I14 9 · 점검 쓰기 매수 → 보유 → 매도 → 이력	미리보기에 비용 포함(DF-21) · 주문 실패 경로 시험	아니오
paper-crypto	코인 모의매매	모의투자	—	68	외부 의존	강사님+고침					바뀐 근거 없음	68	외부 의존	강사님 근거 그대로	주인 정하기	아니오
paper-alternative	대체자산 (선물·옵션·금·부동산)	모의투자	—	66	부분 검증	강사님+고침					바뀐 근거 없음	66	부분 검증	강사님 근거 그대로	주인 정하기	아니오
paper-openapi	Open API · 외부 연동	모의투자	이동원(3차 P02-③-3)	70	부분 검증	강사님+고침					바뀐 근거 없음	70	부분 검증	강사님 근거 그대로	3차 몫 — 외부 호출 E2E	아니오
quant-dashboard	퀀트 대시보드	퀀트자동매매	신장환	82	핵심 검증	강사님+고침					+4 점검 왕복(check.ps1 이 실제 DB · 외부와 왕복 확인 — 강사님 감점 사유 「E2E 미검증」 일부 해소) · +3 09-29 뒤 자동 시험 추가	89	핵심 검증	TC-LA 5 · TC-CD · TC-DF17 · 점검 지표 · 지수	종목 목록 31 고정	아니오
quant-auto	자동매매 현황	퀀트자동매매	오준영	78	부분 검증	강사님+고침					+4 점검 왕복(check.ps1 이 실제 DB · 외부와 왕복 확인 — 강사님 감점 사유 「E2E 미검증」 일부 해소) · +3 09-29 뒤 자동 시험 추가	85	핵심 검증	TC-RG 5 · TC-RK 4 · TC-QC 4 · TC-GP 10 · TC-GW 10 · 점검 자동매매 · 위험 한도 · Celery 2분 체결(10-03)	실주문 통합은 실거래 관문 뒤(의도) · 시작/정지 점검	아니오
quant-backtest	전략 분석	퀀트자동매매	—	88	핵심 검증	강사님+고침					+4 점검 왕복(check.ps1 이 실제 DB · 외부와 왕복 확인 — 강사님 감점 사유 「E2E 미검증」 일부 해소) · -2 제목 「(10년 Mockup)」 이 실제 자료를 쓰는 화면에 붙어 있음(A13 · 거꾸로 된 이름표)	90	검증 우수	TC-BC 6 · 점검 지표 전략 백테스트(비용 krx_real)	이름표 고치기 · 주인 정하기	아니오
quant-lean	LEAN 백테스트 (QuantConnect)	퀀트자동매매	강민석	62	외부 의존	강사님+고침					+3 09-29 뒤 자동 시험 추가	65	외부 의존	TC-LR 4 · 점검 LEAN 모드(주의 — 이미지 14GB 없음)	LEAN_MODE=local 실행 확인 · 결과 저장 시험	아니오
settings	증권사 API 설정	퀀트자동매매	오준영	56	목업 포함	강사님+고침					+3 09-29 뒤 자동 시험 추가 · +2 점검 증권사 설정	61	목업 포함	TC-KC 10 · TC-KQ 12 · TC-KH 5 · TC-LT · ADR-0004(사용자별 KIS)	「Mockup」 · 「출시 예정」 증권사 정리 · 키 입력 검증 안내	아니오
notification-settings	알림 설정	퀀트자동매매	이동원(3차 P02-③-3)	58	외부 의존	강사님+고침					바뀐 근거 없음	58	외부 의존	점검 설정 읽기만	3차 몫 — 실전송 · A12(끄면 팀 공용 채널) 확인	아니오
us-dashboard	대시보드	미국주식	—	72	목업 폴백	강사님+고침					바뀐 근거 없음	72	목업 폴백	강사님 근거 그대로(us.js mockUsPrice)	주인 정하기	아니오
us-chart	주가 차트	미국주식	—	78	부분 검증	강사님+고침					바뀐 근거 없음	78	부분 검증	강사님 근거 그대로	주인 정하기	아니오
us-order	주문/매매	미국주식	—	58	목업 포함	강사님+고침					바뀐 근거 없음	58	목업 포함	강사님 근거 그대로	주인 정하기	아니오
us-portfolio	포트폴리오	미국주식	—	68	부분 검증	강사님+고침					바뀐 근거 없음	68	부분 검증	강사님 근거 그대로	주인 정하기	아니오
indicator-strategy	기본 인디케이터 전략	투자 인디케이터	신장환	86	핵심 검증	강사님+고침					+2 점검 지표 API(화면 E2E 는 아님)	88	핵심 검증	TC-LA · 점검 지표	화면 E2E	아니오
indicator-custom	커스텀 인디케이터 개발	투자 인디케이터	신장환	91	검증 우수	강사님+고침					바뀐 근거 없음	91	검증 우수	강사님 근거 + 점검 저장 목록	숨은 의존: 시험 버튼이 성과 검증 화면 입력칸을 읽음(view_scan) · 비용 인자 경로 확인	아니오
indicator-formula	자유 산식 지표 (DSL·버전)	투자 인디케이터	신장환	93	검증 우수	강사님+고침					바뀐 근거 없음	93	검증 우수	TC-FM 9 · 점검 수식 셋	DB 저장 API 시험	아니오
indicator-backtest	성과 검증 (Python)	투자 인디케이터	신장환	90	검증 우수	강사님+고침					바뀐 근거 없음	90	검증 우수	TC-BC · 점검 백테스트	강사님 근거 그대로	아니오
indicator-api	증권사 API 자동화	투자 인디케이터	오준영	55	목업 포함	강사님+고침					+3 09-29 뒤 자동 시험 추가	58	목업 포함	TC-LT · TC-KC(관문 · 사용자 키)	「Mockup」 · 「출시 예정」 정리	아니오
indicator-tradingview	TradingView 연동 (Webhook·교차검증)	투자 인디케이터	이동원(3차)	84	핵심 검증	강사님+고침					바뀐 근거 없음	84	핵심 검증	TC-TV 5 · 점검 웹훅 안내	3차 몫 — 웹훅 · DB E2E	아니오
company-dashboard	지표 대시보드	투자 인디케이터	—	75	부분 검증	강사님+고침					바뀐 근거 없음	75	부분 검증	강사님 근거 그대로	주인 정하기 · 공시 재무(DART) 연결 후보	아니오
company-compare	지표 비교 분석	투자 인디케이터	—	45	정적 목업	강사님+고침					바뀐 근거 없음	45	정적 목업	company.js CO_DATA 고정	주인 정하기	아니오
company-sector	섹터 인디케이터	투자 인디케이터	—	42	정적 목업	강사님+고침					바뀐 근거 없음	42	정적 목업	강사님 근거 그대로	주인 정하기	아니오
ml-compare	모델 비교 (7종)	ML·딥러닝	—	75	부분 검증	강사님+고침					+2 점검(-Full) 비교 20초 · 모델 8개(이름표 「7종」 과 다름)	77	부분 검증	점검 「느림」	주인 정하기	아니오
ml-regression	회귀 분석	ML·딥러닝	—	72	부분 검증	강사님+고침					바뀐 근거 없음	72	부분 검증	강사님 근거 그대로	주인 정하기	아니오
ml-cluster	종목 군집화	ML·딥러닝	—	72	부분 검증	강사님+고침					바뀐 근거 없음	72	부분 검증	강사님 근거 그대로	주인 정하기	아니오
ml-tune	하이퍼파라미터 튜닝	ML·딥러닝	—	70	부분 검증	강사님+고침					바뀐 근거 없음	70	부분 검증	강사님 근거 그대로	주인 정하기	아니오
ml-deeplearning	딥러닝 (LSTM·Transformer)	ML·딥러닝	—	40	설명 전용	강사님+고침					바뀐 근거 없음	40	설명 전용	강사님 근거 그대로	주인 정하기	아니오
macro-dashboard	거시경제 지표	투자분석 기초	이동원(기초 구현 · 10-03 결정)	75	외부 의존	강사님+고침					바뀐 근거 없음	75	외부 의존	강사님 근거 그대로 · 점검 0	ECOS 등 공식 출처 · 기준일 표시 — 투자분석 네 화면 세션	아니오
macro-industry	산업 분석	투자분석 기초	이동원(기초 구현)	72	외부 의존	강사님+고침					바뀐 근거 없음	72	외부 의존	강사님 근거 그대로	투자분석 네 화면 세션	아니오
invest-fundamental	재무제표 분석	투자분석 기초	이동원(기초 구현)	45	목업 계산	강사님+고침					바뀐 근거 없음	45	목업 계산	ml.js:225-230 DCF · FCF 「(목업)」	공시 재무(DART) · 가정 입력칸 — 투자분석 네 화면 세션	아니오
invest-technical	기술적 분석	투자분석 기초	이동원(기초 구현)	40	설명 전용	강사님+고침					바뀐 근거 없음	40	설명 전용	강사님 근거 그대로	종목별 실행(지표 API 연결) — 투자분석 네 화면 세션	아니오
market-calendar	일정	투자분석 기초	이동원		미평가	배점표	19	28	23	23		93	검증 우수	TC-CA 12 · TC-CN 5 · TC-DH 5 · 점검 거래일 · 일정 · 한 달 요약(3월 3,532건 · 10-06) · 2020~2026-09 거래일 0일 어긋남 · 2판 화면(10-06 · 칸에는 종류별 개수 · 날짜를 누르면 그날 목록 50건씩 · 내 종목 맨 위 · 서랍 · 1280 · 390 · DF-66 닫힘) · 일정 열 종류(휴장 · 파생 만기 · 금통위 · FOMC · 보고서 기한 · 배당 기준일 · 배당락일 · 배당금 지급 · 주주총회 · 실적 발표)	공모(청약 · 상장) · 경제지표(물가 · 고용) 일정 없음 · 화면 동작 자동 시험(브라우저 시험 도구는 팀 논의 뒤)	예
fin-lectures	강의실 (전체 과정)	금융 필수 지식	이동원		미평가	배점표	20	22	18	20		80	핵심 검증	TC-LC 13(빌드가 원본과 같다 · 코스피 기록 API · 메뉴와 주제 일치) · 브라우저(10-01)	읽은 정도가 브라우저 저장소에만 · 확인 문제 없음	예
fin-topic-futures	선물과 옵션	금융 필수 지식	이동원		미평가	배점표	18	22	18	18		76	부분 검증	강의 페이지(계산기 · 그림 · 용어 창) iframe · TC-LC(빌드 대조 · 코스피 기록 API)	확인 문제 · 실제 자료 조회로 잇기(예: 이 강의의 ETF 를 데이터 화면으로)	예
fin-topic-funds	펀드와 ETF	금융 필수 지식	이동원		미평가	배점표	18	22	18	18		76	부분 검증	강의 페이지(계산기 · 그림 · 용어 창) iframe · TC-LC(빌드 대조 · 코스피 기록 API)	확인 문제 · 실제 자료 조회로 잇기(예: 이 강의의 ETF 를 데이터 화면으로)	예
fin-topic-bonds	채권 · 금리 · 코인	금융 필수 지식	이동원		미평가	배점표	18	22	18	18		76	부분 검증	강의 페이지(계산기 · 그림 · 용어 창) iframe · TC-LC(빌드 대조 · 코스피 기록 API)	확인 문제 · 실제 자료 조회로 잇기(예: 이 강의의 ETF 를 데이터 화면으로)	예
fin-topic-allocation	자산배분과 퀀트	금융 필수 지식	이동원		미평가	배점표	18	22	18	18		76	부분 검증	강의 페이지(계산기 · 그림 · 용어 창) iframe · TC-LC(빌드 대조 · 코스피 기록 API)	확인 문제 · 실제 자료 조회로 잇기(예: 이 강의의 ETF 를 데이터 화면으로)	예
fin-topic-company	회사 구조 · 세무회계	금융 필수 지식	이동원		미평가	배점표	18	12	8	16		54	설명 전용	교재 단원 마크다운 · TC-LC(빌드 대조 · 그림 전부 있음 · 굵은 글씨 조사 앞)	읽기 전용 — 계산기 · 확인 문제 · 실제 자료 연결이 없다(강사님 기준 「조회 · 비교 기능 없음」 과 같은 사유)	예
fin-topic-stocks	주식시장 기초	금융 필수 지식	이동원		미평가	배점표	18	12	8	16		54	설명 전용	교재 단원 마크다운 · TC-LC(빌드 대조 · 그림 전부 있음 · 굵은 글씨 조사 앞)	읽기 전용 — 계산기 · 확인 문제 · 실제 자료 연결이 없다(강사님 기준 「조회 · 비교 기능 없음」 과 같은 사유)	예
fin-topic-technical	기술적 분석 기초	금융 필수 지식	이동원		미평가	배점표	18	12	8	16		54	설명 전용	교재 단원 마크다운 · TC-LC(빌드 대조 · 그림 전부 있음 · 굵은 글씨 조사 앞)	읽기 전용 — 계산기 · 확인 문제 · 실제 자료 연결이 없다(강사님 기준 「조회 · 비교 기능 없음」 과 같은 사유)	예
fin-topic-industry	산업 · 기업 · 재무	금융 필수 지식	이동원		미평가	배점표	18	12	8	16		54	설명 전용	교재 단원 마크다운 · TC-LC(빌드 대조 · 그림 전부 있음 · 굵은 글씨 조사 앞)	읽기 전용 — 계산기 · 확인 문제 · 실제 자료 연결이 없다(강사님 기준 「조회 · 비교 기능 없음」 과 같은 사유)	예
fin-topic-macro	거시경제와 시장	금융 필수 지식	이동원		미평가	배점표	18	12	8	16		54	설명 전용	교재 단원 마크다운 · TC-LC(빌드 대조 · 그림 전부 있음 · 굵은 글씨 조사 앞)	읽기 전용 — 계산기 · 확인 문제 · 실제 자료 연결이 없다(강사님 기준 「조회 · 비교 기능 없음」 과 같은 사유)	예
fin-products	금융상품 이해	금융 필수 지식	이동원(세부 기능 1 개선 후보)	45	설명 전용	강사님+고침					바뀐 근거 없음	45	설명 전용	강사님 근거 그대로 · 관련 주제 입구(finlearn.js:51)	통합본 금융 지식 보완 — 세부 기능 1 개선 세션	아니오
fin-allocation	자산배분 모델	금융 필수 지식	이동원(세부 기능 1 개선 후보)	45	설명 전용	강사님+고침					바뀐 근거 없음	45	설명 전용	강사님 근거 그대로	세부 기능 1 개선 세션	아니오
quant-seasonal	계절성 분석	금융 필수 지식	—	74	부분 검증	강사님+고침					바뀐 근거 없음	74	부분 검증	강사님 근거 그대로	통계 유의성 · 주인 정하기	아니오
fin-glossary	용어사전	금융 필수 지식	이동원		미평가	배점표	18	28	20	24		90	검증 우수	TC-GL 46(검색 · 초성 · 약어 · 관계 · 판) · 점검 「용어」 6 · 브라우저(10-03 DF-44)	작은 관계 지도 · 교재 밑줄 · 보류 용어 둘(R01 남은 것)	예
sysadmin-dashboard	서버 대시보드	시스템관리	—	68	부분 검증	강사님+고침					+4 점검 왕복(check.ps1 이 실제 DB · 외부와 왕복 확인 — 강사님 감점 사유 「E2E 미검증」 일부 해소)	72	부분 검증	점검 AI · 벡터 DB 연결	주인 정하기	아니오
sysadmin-logs	감사 로그	시스템관리	—	70	부분 검증	강사님+고침					+4 점검 왕복(check.ps1 이 실제 DB · 외부와 왕복 확인 — 강사님 감점 사유 「E2E 미검증」 일부 해소)	74	부분 검증	점검 감사 기록(관리자)	주인 정하기	아니오
mypage	내 정보 (마이페이지)	내 계정	이동원(계정)		미평가	배점표	16	28	22	24		90	검증 우수	TC-AC 19 · TC-SA 10 · 점검 「계정」 24(가입 → 조회 → 이름 · 비밀번호 → 탈퇴)	투자 성향 · 알림 연결 · 활동 기록 칸 없음(IA Q13 · 설계 전)	예
login	로그인	따로 쪽(login.html)	이동원(계정)	72	부분 검증	배점표	16	26	22	24		88	핵심 검증	TC-AC 19 · TC-SA 10 · 점검 「계정」 24(대소문자 무관 로그인 · 틀린 비밀번호 · 다른 기기 로그아웃 · 토큰 폐기)	비밀번호 찾기 · 보기 단추 없음 · 로그인 시도 횟수 제한 없음(app/routes/auth.py · 옛 A3) · 돌아올 주소(IA I27)	예
register	가입	따로 쪽(register.html)	이동원(계정)	72	부분 검증	배점표	16	26	22	24		88	핵심 검증	TC-AC 19 · 점검 「계정」(가입 · 대소문자만 다른 이메일 거절 · 8자 규칙)	약관 · 개인정보 동의 칸 없음 · 비밀번호 강도 표시 없음	예
