표	DB	한글명	업무영역	유형	발생주기	보존기간	공개	공개_근거	관련표
raw_response	수집	응답 원문	시세·배당·지수	원본	매 거래일 12:30 — 일일 갱신의 시세 · 배당 단계가 받은 응답 한 건마다	영구 — 지우는 코드가 없다 · 다시 정규화할 유일한 재료	비공개	출처 응답 그 자체라 공개하면 원자료 재배포(공공데이터포털 · OpenDART 이용 조건) — HF private 에 복구용으로만 백업	price_daily · dividend 의 재료
ingest_day	수집	기준일별 수집 상태	시세·배당·지수	운영 기록	매 거래일 12:30 — 출처 · 기준일마다 한 줄(done · empty · holiday · error)	영구 — 중단한 자리에서 다시 시작하고 휴장을 판정하는 근거	비공개	수집 이력 — HF private 에 복구용으로 백업	raw_response · price_daily
price_daily	수집	일별 시세	시세·배당·지수	원본	매 거래일 12:30 — 포털은 거래일 값을 다음 날 낮에 준다	영구 — 지우는 코드가 없다(같은 날 · 같은 종목은 덮어쓴다)	비공개	포털 응답의 정규화본이라 공개하면 원자료 재배포 — HF private	raw_response 에서 · 모든 파생 표의 재료
dividend	수집	배당 공시	시세·배당·지수	원본	매 거래일 12:30 — 최근 2달 공시 목록을 다시 훑는다	영구 — 같은 종목 · 기준일은 나중 공시(정정)가 덮는다	비공개	OpenDART 공시 본문에서 읽은 값 — HF private	raw_response(dart) 에서 · price_total_return 의 재료
corporate_action	수집	조정 이벤트	시세·배당·지수	파생	매 거래일 12:30 — 수정주가 단계가 종목마다 지우고 다시 만든다	다시 만들 때까지 — 재료가 있으면 언제든 다시 만든다	비공개	원자료에서 계산한 값 — HF private	price_daily 에서 · price_adjusted 가 쓴다
price_adjusted	수집	수정주가	시세·배당·지수	파생	매 거래일 12:30 — 수정주가 단계가 종목마다 지우고 다시 만든다	다시 만들 때까지 — 재료가 있으면 언제든 다시 만든다	비공개	원자료에서 계산한 값 — HF private	price_daily + corporate_action · 앱의 수집 DB 어댑터가 읽는다
price_total_return	수집	총수익(TR) 지수	시세·배당·지수	파생	매 거래일 12:30 — 총수익 단계가 종목마다 지우고 다시 만든다	다시 만들 때까지 — 재료가 있으면 언제든 다시 만든다	비공개	원자료에서 계산한 값 — HF private	price_adjusted + dividend
benchmark_index	수집	벤치마크 지수(자체 재현)	시세·배당·지수	파생	매 거래일 12:30 — 벤치마크 단계가 시장 · 계열마다 지우고 다시 만든다	다시 만들 때까지 — 재료가 있으면 언제든 다시 만든다	비공개	원자료에서 계산한 값(KRX 공식 지수가 아니다) — HF private	price_daily + price_adjusted + price_total_return
orders	앱	주문	모의투자·주문·전략	사용자	수시 — 직접매매 · 모의투자 · 자동매매 · Open API 주문마다 한 줄	정하지 않음 — 모의투자 초기화 · 관리자 초기화가 지운다	비공개	사용자 거래 기록	users · order_fills 의 부모
order_fills	앱	체결	모의투자·주문·전략	사용자	수시 — 증권사 체결을 동기화할 때	정하지 않음 — 주문이 지워지면 함께 지워진다(CASCADE)	비공개	사용자 거래 기록	orders
portfolio	앱	보유 종목	모의투자·주문·전략	사용자	수시 — 체결 · 수동 등록 때 갱신	정하지 않음 — 0주가 되거나 사용자가 지울 때 · 모의투자 초기화 · 관리자 초기화가 지운다	비공개	사용자 자산 정보	users
paper_accounts	앱	모의 현금 계좌	모의투자·주문·전략	사용자	수시 — 모의 주문 · 자동매매 체결마다 현금이 바뀐다	정하지 않음 — 초기화하면 초기 현금(1억 원)으로 되돌린다(행은 남는다)	비공개	사용자 자산 정보	users (사용자당 하나)
quant_virtual_accounts	앱	자동매매 가상 계좌(쓰지 않음)	모의투자·주문·전략	사용자	없음 — 읽고 쓰는 코드가 0곳(자동매매도 paper_accounts 를 쓴다)	해당 없음 — 쓰지 않는 표 · 지울 후보	비공개	사용자 자산 정보	users (사용자당 하나)
broker_settings	앱	증권사 연결 설정	모의투자·주문·전략	사용자	수시 — 설정을 저장할 때	정하지 않음 — 관리자 초기화가 지운다	비공개	자격 증명(앱 키 · 시크릿 · 계좌번호)	users (사용자당 하나)
crypto_orders	앱	코인 모의 주문	모의투자·주문·전략	사용자	수시 — 코인 모의 주문마다 한 줄	정하지 않음 — 모의투자 초기화가 지운다	비공개	사용자 거래 기록	users
crypto_holdings	앱	코인 모의 보유	모의투자·주문·전략	사용자	수시 — 코인 모의 체결 때 갱신	정하지 않음 — 0이 되면 · 모의투자 초기화가 지운다	비공개	사용자 자산 정보	users
alternative_orders	앱	대체자산 모의 주문	모의투자·주문·전략	사용자	수시 — 대체자산 모의 주문마다 한 줄	정하지 않음 — 모의투자 초기화가 지운다	비공개	사용자 거래 기록	users
alternative_positions	앱	대체자산 모의 보유	모의투자·주문·전략	사용자	수시 — 대체자산 모의 체결 때 갱신	정하지 않음 — 0이 되면 · 모의투자 초기화가 지운다	비공개	사용자 자산 정보	users
custom_indicators	앱	커스텀 지표	모의투자·주문·전략	사용자	수시 — 사용자가 저장할 때	정하지 않음 — 사용자가 지울 때까지	비공개	사용자 전략 설정	users
lean_backtest_runs	앱	LEAN 백테스트 실행 기록	모의투자·주문·전략	운영 기록	수시 — 백테스트를 돌릴 때마다 한 줄	정하지 않음 — 지우는 코드가 없다	비공개	사용자 실행 기록	users
users	앱	사용자 계정	계정·알림·감사	사용자	수시 — 가입할 때	정하지 않음 — 탈퇴 기능이 없다	비공개	개인정보(이름 · 이메일) — 비밀번호는 해시(bcrypt)만 둔다	다른 표 18개의 부모
api_keys	앱	발급 API 키	계정·알림·감사	사용자	수시 — 발급할 때 · 쓸 때마다 호출 수 갱신	정하지 않음 — 폐기해도 지우지 않고 사용 중지(is_active)로 둔다	비공개	자격 증명 — 키는 해시(SHA-256)만 둔다	users
audit_events	앱	감사 기록	계정·알림·감사	운영 기록	수시 — 주문 · 설정 · 키 · 백테스트 · 자동매매 · 관리자 동작 때	정하지 않음 — 관리자 초기화가 전부 지운다	비공개	사용자 동작 기록	users (없어도 된다)
notification_settings	앱	알림 설정	계정·알림·감사	사용자	수시 — 설정을 저장할 때	정하지 않음 — 지우는 코드가 없다	비공개	자격 증명(봇 토큰 · 웹훅 주소 · 메일 · 문자 서비스 키)	users (사용자당 하나)
notification_log	앱	알림 발송 기록	계정·알림·감사	운영 기록	수시 — 알림을 보낼 때마다 한 줄	정하지 않음 — 지우는 코드가 없다	비공개	사용자에게 보낸 내용	users (없어도 된다)
conversations	앱	대화	대화·문서	사용자	수시 — 새 대화를 열 때	정하지 않음 — 사용자가 지울 때까지	비공개	사용자 대화	users · chats 의 부모
chats	앱	대화 메시지	대화·문서	사용자	수시 — 질문 · 답변 한 쌍마다 한 줄	정하지 않음 — 대화를 지우면 함께 지워진다 · 관리자 초기화가 지운다	비공개	사용자 질문 · 답변	conversations · users
uploaded_docs	앱	업로드 문서 목록	대화·문서	사용자	수시 — 파일을 올릴 때	정하지 않음 — 사용자가 지울 때까지	비공개	사용자가 올린 파일의 정보	users
crawled_docs	앱	크롤링 문서	대화·문서	원본	수시 — 크롤 · 적재 요청 때	정하지 않음 — 관리자 초기화가 지운다	비공개	외부 사이트 본문의 사본 — 사이트마다 이용 조건이 다르다	—
bank_products	앱	은행 수신 상품	참조·캐시	참조	수동 적재 때 — 파일 전체를 지우고 다시 넣는다	다음 적재 때까지 — 관리자 초기화가 지운다	미확인	원천 CSV(`DATA_DIR/12.금융상품정보`)의 출처 · 재배포 조건이 문서에 없다	—
fund_products	앱	공모펀드 상품	참조·캐시	참조	수동 적재 때 — 파일 전체를 지우고 다시 넣는다	다음 적재 때까지 — 관리자 초기화가 지운다	미확인	원천 CSV(`DATA_DIR/12.금융상품정보`)의 출처 · 재배포 조건이 문서에 없다	—
corporate_cb_stats	앱	기업 신용(CB) 통계	참조·캐시	참조	수동 적재 때 — 파일 전체를 지우고 다시 넣는다	다음 적재 때까지 — 관리자 초기화가 지운다	미확인	원천 CSV(`DATA_DIR/10.기업 CB정보`)의 출처 · 재배포 조건이 문서에 없다	—
personal_cb_stats	앱	개인 신용(CB) 통계	참조·캐시	참조	수동 적재 때 — 파일 전체를 지우고 다시 넣는다	다음 적재 때까지 — 관리자 초기화가 지운다	미확인	원천 CSV(`DATA_DIR/09.개인 CB정보`)의 출처 · 재배포 조건이 문서에 없다(성별 · 나이대 집계)	—
data_cache	앱	외부 조회 캐시	참조·캐시	캐시	매시간(캐시 예열) · 외부 조회 때 — 키마다 덮어쓴다	나이는 읽는 쪽이 정한다(기본 24시간 · 일봉 · 지표 라우트 6시간) — 지우는 코드가 없다	비공개	외부 시세 API 응답의 사본	— · 수집 DB 가 받는 요청(국내 주식 일봉)은 이 표를 쓰지 않는다
