sector_code	sector	title	role	decree	why
En	에너지	석유 및 석유대체연료 사업법	업법	Y	석유 정제 · 수출입 · 판매업 등록과 석유 수급 · 품질 — 정유사 · 석유 유통(S-Oil · SK이노베이션 · 흥구석유)
En	에너지	액화석유가스의 안전관리 및 사업법	업법	Y	LPG 수입 · 충전 · 판매 사업 허가와 안전 — LPG 수입사(E1 · SK가스)
En	에너지	해외자원개발 사업법	관련	N	해외 석유 · 가스 · 광물 개발 사업의 신고 · 지원
En	에너지	에너지법	관련	N	에너지 기본계획 · 수급 정책의 기본법
Ma	소재	화학물질관리법	업법	Y	유해화학물질 영업 허가 · 취급 시설 기준 — 화학 · 소재 공장(LG화학 등)
Ma	소재	화학물질의 등록 및 평가 등에 관한 법률	업법	Y	화학물질 제조 · 수입 등록과 유해성 평가
Ma	소재	광업법	업법	Y	광업권 설정 · 채굴 — 광물 · 비철 · 시멘트 원료
Ma	소재	온실가스 배출권의 할당 및 거래에 관한 법률	관련	N	배출권 할당 · 거래 — 철강 · 석유화학 · 시멘트의 원가(POSCO홀딩스 등)
Ma	소재	자원의 절약과 재활용촉진에 관한 법률	관련	N	포장재 · 재활용 의무 — 포장 · 제지
In	산업	건설산업기본법	업법	Y	건설업 등록 · 도급 · 하도급 — 건설사(현대건설 등)
In	산업	방위사업법	업법	Y	방산물자 · 방산업체 지정 · 방산 수출 — 방산(한화에어로스페이스 등)
In	산업	해운법	업법	Y	해상운송사업 면허 · 등록 — 해운(HMM)
In	산업	항공사업법	업법	Y	항공운송사업 면허 · 운항 — 항공(대한항공)
In	산업	화물자동차 운수사업법	업법	Y	화물 운송 · 주선 사업 허가 — 물류(CJ대한통운)
In	산업	국가첨단전략산업 경쟁력 강화 및 보호에 관한 특별조치법	관련	N	이차전지 국가첨단전략기술 — 우리 섹터 파일은 LG에너지솔루션 · 에코프로비엠 · 포스코퓨처엠을 산업에 둔다
CD	임의소비재	자동차관리법	업법	Y	자동차 제작 · 판매 · 결함 시정(리콜) — 완성차(현대차 · 기아)
CD	임의소비재	환경친화적 자동차의 개발 및 보급 촉진에 관한 법률	관련	N	전기 · 수소차 보급 · 구매 지원의 근거
CD	임의소비재	유통산업발전법	업법	Y	대규모점포 등록 · 영업시간 제한 — 백화점(롯데쇼핑 · 현대백화점)
CD	임의소비재	대규모유통업에서의 거래 공정화에 관한 법률	관련	N	대규모유통업자와 납품업자의 거래 규칙
CD	임의소비재	전자상거래 등에서의 소비자보호에 관한 법률	관련	N	통신판매 · 온라인 쇼핑의 소비자 보호
CD	임의소비재	관광진흥법	업법	Y	카지노 · 호텔 · 관광사업 허가 — 파라다이스 · 호텔신라
CD	임의소비재	폐광지역 개발 지원에 관한 특별법	업법	Y	내국인 출입 카지노의 근거 — 강원랜드
CD	임의소비재	학원의 설립ㆍ운영 및 과외교습에 관한 법률	업법	Y	학원 · 교습 — 교육 서비스(메가스터디교육)
CS	필수소비재	식품위생법	업법	Y	식품 제조 · 판매 영업 허가 · 위생 기준 — 식품(CJ제일제당 등)
CS	필수소비재	식품 등의 표시ㆍ광고에 관한 법률	관련	N	식품 표시 · 광고 기준
CS	필수소비재	건강기능식품에 관한 법률	업법	Y	건강기능식품 제조 · 판매 · 기능성 인정
CS	필수소비재	주세법	업법	Y	주류 제조 · 판매 면허와 주세 — 주류
CS	필수소비재	담배사업법	업법	Y	담배 제조 · 판매 — KT&G
CS	필수소비재	화장품법	업법	Y	화장품 제조 · 판매 · 표시 — 아모레퍼시픽 등
CS	필수소비재	유통산업발전법	관련	N	대형마트 영업 규제 — 우리 섹터 파일은 이마트를 필수소비재에 둔다
He	헬스케어	약사법	업법	Y	의약품 품목허가 · 제조 · 판매 — 제약(유한양행 · 한미약품)
He	헬스케어	첨단재생의료 및 첨단바이오의약품 안전 및 지원에 관한 법률	업법	Y	세포 · 유전자치료제 등 첨단바이오의약품 허가
He	헬스케어	의료기기법	업법	Y	의료기기 허가 · 제조 · 판매
He	헬스케어	체외진단의료기기법	업법	Y	체외진단 의료기기(진단키트) 허가 · 임상적 성능시험
He	헬스케어	국민건강보험법	관련	N	요양급여 · 약제 급여 · 약가 — 매출에 바로 닿는다
He	헬스케어	생명윤리 및 안전에 관한 법률	관련	N	인간대상연구 · 유전자검사 · 인체유래물
He	헬스케어	의료법	관련	N	의료기관 · 의료광고 — 의료 서비스
Fi	금융	은행법	업법	Y	은행업 인가 · 건전성
Fi	금융	금융지주회사법	업법	Y	금융지주회사 인가 · 자회사 규제 — KB금융 등 지주
Fi	금융	보험업법	업법	Y	보험업 허가 · 모집 · 자산운용 — 삼성생명 등
Fi	금융	자본시장과 금융투자업에 관한 법률	업법	Y	금융투자업(증권 · 운용 · 신탁) 인가 · 영업 행위 — 미래에셋증권 · 한국금융지주
Fi	금융	여신전문금융업법	업법	Y	신용카드 · 할부 · 리스 · 캐피탈
Fi	금융	상호저축은행법	업법	Y	저축은행 인가 · 건전성
Fi	금융	금융회사의 지배구조에 관한 법률	관련	N	금융회사 임원 · 이사회 · 내부통제
IT	정보기술	반도체산업 경쟁력 강화 및 지원에 관한 특별법	업법	Y	반도체 산업 지원 · 특구 · 인력(2026-08-11 시행) — 삼성전자 · SK하이닉스
IT	정보기술	국가첨단전략산업 경쟁력 강화 및 보호에 관한 특별조치법	업법	Y	반도체 · 디스플레이 · 이차전지 국가첨단전략기술 지정 · 지원 · 보호
IT	정보기술	산업기술의 유출방지 및 보호에 관한 법률	관련	N	국가핵심기술 수출 · 해외 인수합병 승인
IT	정보기술	소프트웨어 진흥법	업법	Y	소프트웨어 사업 · 공공 소프트웨어 사업 — IT 서비스
IT	정보기술	전기용품 및 생활용품 안전관리법	관련	N	전기 · 전자제품 안전인증(KC)
IT	정보기술	조세특례제한법	관련	N	국가전략기술 연구개발 · 시설투자 세액공제 — 반도체 투자 원가
Co	커뮤니케이션	전기통신사업법	업법	Y	기간 · 부가통신사업 등록 — 통신(SK텔레콤) · 플랫폼(NAVER · 카카오)
Co	커뮤니케이션	방송법	업법	Y	방송사업 허가 · 승인 — 방송 · 미디어(CJ ENM)
Co	커뮤니케이션	인터넷 멀티미디어 방송사업법	업법	Y	IPTV 사업 허가
Co	커뮤니케이션	게임산업진흥에 관한 법률	업법	Y	게임물 등급 · 게임 제공업 — 게임(크래프톤 · 넷마블)
Co	커뮤니케이션	대중문화예술산업발전법	업법	Y	대중문화예술기획업 등록 — 엔터(하이브 · 에스엠 · JYP Ent.)
Co	커뮤니케이션	정보통신망 이용촉진 및 정보보호 등에 관한 법률	관련	N	정보통신서비스 · 정보보호 — 플랫폼
Co	커뮤니케이션	저작권법	관련	N	콘텐츠 저작권 · 이용 허락
Ut	유틸리티	전기사업법	업법	Y	발전 · 송배전 · 판매 사업 허가와 전기요금 — 한국전력 · 발전사
Ut	유틸리티	한국전력공사법	업법	Y	한국전력공사 설립 근거 · 사업 범위
Ut	유틸리티	도시가스사업법	업법	Y	도시가스 사업 허가 · 공급 — 삼천리 · 서울가스 · 경동도시가스
Ut	유틸리티	한국가스공사법	업법	Y	한국가스공사 설립 근거 · 사업 범위
Ut	유틸리티	집단에너지사업법	업법	Y	지역난방 · 집단에너지 사업 허가 — 지역난방공사 · SGC에너지
Ut	유틸리티	신에너지 및 재생에너지 개발ㆍ이용ㆍ보급 촉진법	관련	N	신재생 공급의무(RPS) · 인증서 — 재생에너지 발전
Re	부동산	부동산개발업의 관리 및 육성에 관한 법률	업법	Y	부동산개발업 등록 — 개발사(SK디앤디 · 자이에스앤디)
Re	부동산	부동산투자회사법	업법	Y	리츠 설립 · 자산운용(GICS 부동산 섹터에 리츠가 든다 — 우리 섹터 파일에는 리츠가 없다)
Re	부동산	자본시장과 금융투자업에 관한 법률	관련	N	부동산 신탁업 인가 — 한국토지신탁 · 한국자산신탁
Re	부동산	주택법	관련	N	주택 건설 · 공급 · 분양
Re	부동산	건축물의 분양에 관한 법률	관련	N	오피스텔 · 상가 등 건축물 분양
Re	부동산	부동산 거래신고 등에 관한 법률	관련	N	부동산 거래 신고 · 토지거래허가
All	공통	상법	관련	N	모든 주식회사 — 주주총회 · 이사회 · 배당 · 합병
All	공통	주식회사 등의 외부감사에 관한 법률	관련	N	모든 상장사 — 외부감사 · 내부회계관리제도
All	공통	법인세법	관련	N	모든 법인 — 과세 소득 · 세율
All	공통	독점규제 및 공정거래에 관한 법률	관련	N	지주회사 · 기업집단 · 불공정거래 — 지주사(SK · LG)는 산업 섹터
All	공통	개인정보 보호법	관련	N	고객 정보를 다루는 모든 회사
All	공통	중대재해 처벌 등에 관한 법률	관련	N	상시 근로자 5명 이상 사업장(2024-01-27 부터) — 건설 · 제조 현장
