API_ID	메서드	경로	붙인_세션	상태
API-AUTH-01	POST	/api/auth/register	S63	사용
API-AUTH-02	POST	/api/auth/login	S63	사용
API-AUTH-03	POST	/api/auth/logout	S63	사용
API-AUTH-04	POST	/api/auth/token	S63	사용
API-AUTH-05	POST	/api/auth/token/refresh	S63	사용
API-AUTH-06	POST	/api/auth/token/revoke	S63	사용
API-AUTH-07	GET	/api/me	S63	사용
API-AUTH-08	GET	/api/sessions	S63	사용
API-AUTH-09	DELETE	/api/sessions/{sid}	S63	사용
API-AUTH-10	DELETE	/api/sessions	S63	사용
API-ING-01	POST	/api/ingest/financial	S63	사용
API-ING-02	POST	/api/ingest/crawl/auto	S63	사용
API-ING-03	POST	/api/ingest/crawl/url	S63	사용
API-ING-04	POST	/api/ingest/crawl/naver	S63	사용
API-ING-05	POST	/api/ingest/local-docs	S63	사용
API-ING-06	POST	/api/ingest/translation-data	S63	사용
API-ING-07	POST	/api/ingest/translation-search	S63	사용
API-ING-08	POST	/api/ingest/financial/async	S63	사용
API-ING-09	POST	/api/ingest/crawl/auto/async	S63	사용
API-ING-10	POST	/api/ingest/crawl/url/async	S63	사용
API-ING-11	POST	/api/ingest/translation-data/async	S63	사용
API-ING-12	GET	/api/ingest/crawl/list	S63	사용
API-HLTH-01	GET	/api/health	S63	사용
API-CHAT-01	POST	/api/chat	S63	사용
API-CHAT-02	POST	/api/chat/async	S63	사용
API-STK-01	GET	/api/stocks/market	S63	사용
API-STK-02	GET	/api/stocks/quote	S63	사용
API-STK-03	GET	/api/stocks/candles	S63	사용
API-STK-04	GET	/api/stocks/quant/indicators	S63	사용
API-STK-05	GET	/api/stocks/quant/list	S63	사용
API-STK-06	GET	/api/stocks/search	S63	사용
API-STK-07	GET	/api/stocks/fundamentals	S63	사용
API-STK-08	GET	/api/stocks/signals	S63	사용
API-STK-09	GET	/api/portfolio	S63	사용
API-STK-10	POST	/api/portfolio	S63	사용
API-STK-11	DELETE	/api/portfolio/{symbol}	S63	사용
API-STK-12	POST	/api/orders	S63	사용
API-STK-13	GET	/api/orders	S63	사용
API-STK-14	GET	/api/broker/catalog	S63	사용
API-STK-15	POST	/api/broker/settings	S63	사용
API-STK-16	GET	/api/broker/settings	S63	사용
API-STK-17	GET	/api/quant/settings	S63	사용
API-STK-18	POST	/api/quant/settings	S63	사용
API-STK-19	GET	/api/broker/price	S63	사용
API-STK-20	GET	/api/broker/balance	S63	사용
API-STK-21	GET	/api/broker/ohlcv	S63	사용
API-STK-22	POST	/api/broker/order	S63	사용
API-STK-23	GET	/api/broker/test	S63	사용
API-STK-24	POST	/api/auto-trade/start	S63	사용
API-STK-25	POST	/api/auto-trade/stop	S63	사용
API-STK-26	GET	/api/auto-trade/status	S63	사용
API-STK-27	POST	/api/quant/auto/start	S63	사용
API-STK-28	POST	/api/quant/auto/stop	S63	사용
API-STK-29	GET	/api/quant/auto/status	S63	사용
API-STK-30	GET	/api/quant/pipeline	S63	사용
API-STK-31	GET	/api/custom-indicators	S63	사용
API-STK-32	POST	/api/custom-indicators	S63	사용
API-STK-33	DELETE	/api/custom-indicators/{indicator_id}	S63	사용
API-LIB-01	GET	/api/library/search	S63	사용
API-ADM-01	POST	/api/admin/reset	S63	사용
API-ADM-02	GET	/api/admin/stats	S63	사용
API-ADM-03	GET	/api/admin/audit-log	S63	사용
API-SYS-01	GET	/api/system/status	S63	사용
API-SYS-02	GET	/api/system/sync-status	S63	사용
API-SYS-03	POST	/api/system/sync	S63	사용
API-QNT-01	GET	/api/quant/ml/stocks	S63	사용
API-QNT-02	GET	/api/quant/ml/run	S63	사용
API-QNT-03	POST	/api/quant/ml/run/batch	S63	사용
API-ML-01	GET	/api/ml/compare	S63	사용
API-ML-02	GET	/api/ml/tune	S63	사용
API-ML-03	POST	/api/ml/cluster	S63	사용
API-ML-04	POST	/api/ml/robo/allocation	S63	사용
API-ML-05	GET	/api/ml/seasonality	S63	사용
API-ML-06	GET	/api/ml/regression	S63	사용
API-MACR-01	GET	/api/macro/indicators	S63	사용
API-MACR-02	GET	/api/macro/industry	S63	사용
API-MACR-03	GET	/api/macro/us-stocks	S63	사용
API-MACR-04	GET	/api/macro/fundamental	S63	사용
API-DOC-01	POST	/api/documents/upload	S63	사용
API-DOC-02	GET	/api/documents/list	S63	사용
API-DOC-03	DELETE	/api/documents/{doc_id}	S63	사용
API-DOC-04	POST	/api/documents/search	S63	사용
API-NOTI-01	GET	/api/notification/settings	S63	사용
API-NOTI-02	POST	/api/notification/settings	S63	사용
API-NOTI-03	POST	/api/notification/test	S63	사용
API-NOTI-04	GET	/api/notification/history	S63	사용
API-GRPH-01	GET	/api/graph/related/{symbol}	S63	사용
API-GRPH-02	GET	/api/graph/sector	S63	사용
API-GRPH-03	GET	/api/graph/path	S63	사용
API-GRPH-04	GET	/api/graph/documents/{symbol}	S63	사용
API-GRPH-05	POST	/api/graph/seed	S63	사용
API-GRPH-06	POST	/api/graph/rag	S63	사용
API-CONV-01	POST	/api/conversations	S63	사용
API-CONV-02	GET	/api/conversations	S63	사용
API-CONV-03	GET	/api/conversations/active	S63	사용
API-CONV-04	GET	/api/conversations/{cid}	S63	사용
API-CONV-05	PATCH	/api/conversations/{cid}	S63	사용
API-CONV-06	DELETE	/api/conversations/{cid}	S63	사용
API-CONV-07	POST	/api/conversations/{cid}/activate	S63	사용
API-CONV-08	GET	/api/conversations/{cid}/messages	S63	사용
API-TASK-01	GET	/api/tasks/{task_id}	S63	사용
API-TASK-02	DELETE	/api/tasks/{task_id}	S63	사용
API-PAPR-01	GET	/api/paper/account	S63	사용
API-PAPR-02	POST	/api/paper/account/reset	S63	사용
API-PAPR-03	GET	/api/paper/stocks/quote	S63	사용
API-PAPR-04	GET	/api/paper/stocks/positions	S63	사용
API-PAPR-05	POST	/api/paper/stocks/orders/preview	S63	사용
API-PAPR-06	POST	/api/paper/stocks/orders	S63	사용
API-PAPR-07	POST	/api/paper/stocks/orders/buy	S63	사용
API-PAPR-08	POST	/api/paper/stocks/orders/sell	S63	사용
API-PAPR-09	POST	/api/paper/stocks/orders/pine	S63	사용
API-PAPR-10	GET	/api/paper/stocks/orders/history	S63	사용
API-PAPR-11	GET	/api/paper/crypto/market-list	S63	사용
API-PAPR-12	GET	/api/paper/crypto/rankings	S63	사용
API-PAPR-13	GET	/api/paper/crypto/ticker	S63	사용
API-PAPR-14	GET	/api/paper/crypto/{code}/candles	S63	사용
API-PAPR-15	GET	/api/paper/crypto/{code}/domestic-prices	S63	사용
API-PAPR-16	GET	/api/paper/crypto/{code}	S63	사용
API-PAPR-17	GET	/api/paper/trade/hold	S63	사용
API-PAPR-18	POST	/api/paper/trade/order/preview	S63	사용
API-PAPR-19	POST	/api/paper/trade/order/buy	S63	사용
API-PAPR-20	POST	/api/paper/trade/order/sell	S63	사용
API-PAPR-21	GET	/api/paper/trade/order/history	S63	사용
API-PAPR-22	GET	/api/paper/alternatives/markets	S63	사용
API-PAPR-23	GET	/api/paper/alternatives/markets/{symbol}/chart	S63	사용
API-PAPR-24	GET	/api/paper/alternatives/positions	S63	사용
API-PAPR-25	GET	/api/paper/alternatives/orders/history	S63	사용
API-PAPR-26	POST	/api/paper/alternatives/orders/preview	S63	사용
API-PAPR-27	POST	/api/paper/alternatives/orders	S63	사용
API-PAPR-28	GET	/api/paper/api-keys	S63	사용
API-PAPR-29	POST	/api/paper/api-keys	S63	사용
API-PAPR-30	DELETE	/api/paper/api-keys/{key_id}	S63	사용
API-PAPR-31	POST	/api/paper/alpaca/account	S63	사용
API-PAPR-32	POST	/api/paper/alpaca/positions	S63	사용
API-OAPI-01	GET	/openapi/v1/stocks	S63	사용
API-OAPI-02	GET	/openapi/v1/quote/{symbol}	S63	사용
API-OAPI-03	GET	/openapi/v1/account	S63	사용
API-OAPI-04	GET	/openapi/v1/positions	S63	사용
API-OAPI-05	POST	/openapi/v1/orders	S63	사용
API-OAPI-06	GET	/openapi/v1/orders	S63	사용
API-OAPI-07	GET	/openapi/v1/crypto/hold	S63	사용
API-OAPI-08	GET	/openapi/v1/alternatives/positions	S63	사용
API-OAPI-09	GET	/openapi/v1/docs-summary	S63	사용
API-LEAN-01	GET	/api/backtests/lean/status	S63	사용
API-LEAN-02	POST	/api/backtests/lean/run	S63	사용
API-LEAN-03	GET	/api/backtests/lean/history	S63	사용
API-STK-34	GET	/api/stocks/patterns	2026-09-30	사용
API-STK-35	GET	/api/stocks/mtf-signal	2026-09-30	사용
API-STK-36	GET	/api/quant/risk/status	2026-09-30	사용
API-STK-37	POST	/api/quant/risk/kill-switch	2026-09-30	사용
API-ML-07	GET	/api/ml/robo/questions	2026-09-30	사용
API-ML-08	POST	/api/ml/robo/risk-profile	2026-09-30	사용
API-ML-09	POST	/api/ml/robo/goal-simulation	2026-09-30	사용
API-ML-10	GET	/api/ml/explain	2026-09-30	사용
API-RBAL-01	GET	/api/rebalance/plan	2026-09-30	사용
API-RBAL-02	PUT	/api/rebalance/plan	2026-09-30	사용
API-RBAL-03	GET	/api/rebalance/status	2026-09-30	사용
API-RBAL-04	POST	/api/rebalance/preview	2026-09-30	사용
API-RBAL-05	POST	/api/rebalance/execute	2026-09-30	사용
API-RBAL-06	POST	/api/rebalance/check	2026-09-30	사용
API-RBAL-07	POST	/api/rebalance/cashflow	2026-09-30	사용
API-RBAL-08	GET	/api/rebalance/cashflows	2026-09-30	사용
API-RBAL-09	GET	/api/rebalance/runs	2026-09-30	사용
API-TV-01	POST	/api/webhooks/tradingview	2026-09-30	사용
API-TV-02	GET	/api/tradingview/webhook-info	2026-09-30	사용
API-TV-03	GET	/api/tradingview/signals	2026-09-30	사용
API-TV-04	POST	/api/tradingview/compare	2026-09-30	사용
API-TV-05	GET	/api/tradingview/comparisons	2026-09-30	사용
API-FRML-01	GET	/api/formula-indicators/reference	2026-09-30	사용
API-FRML-02	POST	/api/formula-indicators/validate	2026-09-30	사용
API-FRML-03	POST	/api/formula-indicators/compute	2026-09-30	사용
API-FRML-04	GET	/api/formula-indicators	2026-09-30	사용
API-FRML-05	POST	/api/formula-indicators	2026-09-30	사용
API-FRML-06	GET	/api/formula-indicators/{ind_id}	2026-09-30	사용
API-FRML-07	PUT	/api/formula-indicators/{ind_id}	2026-09-30	사용
API-FRML-08	DELETE	/api/formula-indicators/{ind_id}	2026-09-30	사용
API-FRML-09	GET	/api/formula-indicators/{ind_id}/versions	2026-09-30	사용
API-FRML-10	POST	/api/formula-indicators/{ind_id}/versions/{version}/restore	2026-09-30	사용
API-FRML-11	POST	/api/formula-indicators/{ind_id}/compute	2026-09-30	사용
API-FRML-12	GET	/api/formula-indicators/{ind_id}/results	2026-09-30	사용
API-FRML-13	GET	/api/formula-indicators/{ind_id}/export	2026-09-30	사용
