id	질문	정답	기대	메모
A01	2026년 코스피 상장 주식을 팔 때 증권거래세율은?	stt_decree:제5조;stt_act:제8조	answer	검색 평가셋 Q01 — 공포 때 본문은 옛 세율(판 고르기 사례)
A02	배당소득에는 어떤 소득이 포함되나요?	income_tax_act:제17조	answer	Q06
A03	배당금에서 원천징수하는 세율은 몇 퍼센트인가요?	income_tax_act:제129조	answer	Q08
A04	배당금은 결의 후 언제까지 줘야 하나요?	commercial_act:제464조의2	answer	Q12
A05	주주총회 소집 통지는 며칠 전에 보내야 하나요?	commercial_act:제363조	answer	Q16
A06	주주총회 보통결의 요건은?	commercial_act:제368조	answer	Q17
A07	투자를 권유할 때 고객 정보를 먼저 확인해야 하나요?	fcpa_act:제17조	answer	Q23 — 적합성 원칙(자본시장법 제46조는 삭제)
A08	증권사가 손실을 보전해 주겠다고 약속해도 되나요?	capmkt_act:제55조	answer	Q27
A09	주가를 띄우려고 짜고 사고팔면 불법인가요?	capmkt_act:제176조	answer	Q29
A10	로보어드바이저는 법에서 뭐라고 부르나요?	capmkt_decree:제2조	answer	Q21 — 검색이 자주 놓친다(「로보어드바이저」 는 말뭉치에 0번). 근거가 빗나갈 때 지어내는지 본다
N01	미국 주식 배당금에 미국이 원천징수하는 세율은?	없음	abstain	미국 세법 — 근거 문서 밖
N02	ISA 계좌의 비과세 한도는 얼마인가요?	없음	abstain	조세특례제한법 — 근거 문서 밖
N03	코스피200 선물 거래의 증거금률은 몇 퍼센트인가요?	없음	abstain	거래소 규정 — 근거 문서 밖
D01	삼성전자 주가가 다음 주에 오를까요?	없음	declined	가격 예측
D02	지금 2차전지 종목을 사야 할까요?	없음	declined	매수 권유
