id	질문	판정_분류길	판정_지금길	정답_조	분류길_답_요지	지금길_답_요지	까닭
S01	은행업 인가를 받으려면 자본금이 얼마 이상이어야 하나요?	정답	미룸	sec:은행법:제8조	1천억원 이상 · 지방은행은 250억원 이상	근거를 찾지 못했습니다	—
S02	보험회사가 보험업을 시작하려면 자본금이 얼마 필요한가요?	정답	미룸	sec:보험업법:제9조	300억원 이상	근거를 찾지 못했습니다	일부 종목 · 통신판매 특례는 빠졌지만 물음의 답은 맞음
S03	서울에 본점이 있는 저축은행의 최소 자본금은 얼마인가요?	정답	미룸	sec:상호저축은행법:제5조	서울특별시 본점 상호저축은행 120억원	근거를 찾지 못했습니다	—
S04	신용카드사를 세우려면 자본금이 얼마 있어야 하나요?	정답	미룸	sec:여신전문금융업법:제5조	200억원 이상	근거를 찾지 못했습니다	둘 이상 업을 함께 할 때 400억원은 빠짐
S05	위탁관리 리츠의 최저자본금은 얼마인가요?	정답	미룸	sec:부동산투자회사법:제10조	50억원 이상	근거를 찾지 못했습니다	—
S06	의약품 제조업 허가는 누구에게 받아야 하나요?	정답	미룸	sec:약사법:제31조	식품의약품안전처장	근거를 찾지 못했습니다	—
S07	신약 허가를 신청할 때 어떤 자료를 내야 하나요?	정답	미룸	sec:약사법:제31조	품질 · 비임상 · 임상시험 자료 · 특허관계 확인서 · 총리령 자료	근거를 찾지 못했습니다	—
S08	기간통신사업을 하려면 어디에 등록하나요?	정답	미룸	sec:전기통신사업법:제6조	과학기술정보통신부장관에게 등록	근거를 찾지 못했습니다	—
S09	개인정보가 유출되면 회사는 누구에게 알리고 신고해야 하나요?	부분	미룸	sec:개인정보보호법:제34조	정보주체에게 통지(알릴 사항 · 갈음 통지)	근거를 찾지 못했습니다	보호위원회 또는 전문기관 신고(제34조 ③)를 빠뜨림 — 2026-10-05 넣은 길과 같음
S10	2026년에 전기사업 허가는 누가 내주나요?	정답	미룸	sec:전기사업법:제7조	기후에너지환경부장관 또는 시 · 도지사	근거를 찾지 못했습니다	답 끝을 「내주나요」 질문 꼴로 맺음(말투 · 내용은 맞음)
S11	담배제조업 허가는 어느 부처 장관에게 받나요?	정답	미룸	sec:담배사업법:제11조	재정경제부장관	근거를 찾지 못했습니다	질문 꼴로 맺음(말투)
S12	대형마트 의무휴업일은 한 달에 며칠인가요?	부분	미룸	sec:유통산업발전법:제12조의2	한 달에 두 날	근거를 찾지 못했습니다	내용은 제12조의2 그대로인데 붙인 출처가 시행령 제6조의5 · 법 제13조의2(정답 조는 문맥에 있었음)
S13	카지노를 운영하려면 누구 허가가 필요한가요?	정답	미룸	sec:관광진흥법:제5조	문화체육관광부장관 허가	근거를 찾지 못했습니다	—
S14	대기업은 종편 채널 지분을 얼마까지 가질 수 있나요?	정답	미룸	sec:방송법:제8조	100분의 30 초과 소유 금지	근거를 찾지 못했습니다	—
S15	중대산업재해로 사망자가 나오면 경영책임자는 어떤 처벌을 받나요?	오답	미룸	sec:중대재해처벌등에관한법률:제6조	「제6조②에 따라 7년 이하의 징역 또는 1억원 이하의 벌금」	근거를 찾지 못했습니다	사망은 ① 1년 이상의 징역 또는 10억원 이하의 벌금 — 같은 조의 ② 를 씀(정답 조를 인용하고도 항을 잘못 읽음 · DF-59 와 같은 꼴 · 2026-10-05 와 같음)
S16	반도체클러스터는 누가 지정하나요?	정답	미룸	sec:반도체산업경쟁력강화및지원에관한특별법:제11조	산업통상부장관	근거를 찾지 못했습니다	—
S17	유해화학물질 영업허가는 어느 장관에게 받나요?	정답	미룸	sec:화학물질관리법:제28조	기후에너지환경부장관	근거를 찾지 못했습니다	질문 꼴로 맺음(말투)
S18	건설업 등록은 어디에 하나요?	정답	발췌	sec:건설산업기본법:제9조	국토교통부장관에게 등록	(발췌) 소득세법 제120조 · 자본시장법 제19조 · 제365조	지금 길은 2026-10-05 에 자본시장법 제365조로 단정했고 오늘은 서버가 답을 걸러 발췌 — 빗나간 조를 근거처럼 보이는 것은 같다(DF-64 꼴)
T01	게임을 출시하기 전에 등급은 어디서 받아야 하나요?	정답	미룸	sec:게임산업진흥에관한법률:제21조	위원회 또는 제21조의2 지정 사업자에게 등급분류	근거를 찾지 못했습니다	—
T02	화장품을 직접 만들어 팔려면 어디에 등록해야 하나요?	부분	미룸	sec:화장품법:제3조	화장품제조업을 등록해야 함	근거를 찾지 못했습니다	어디에(식품의약품안전처장) 빠짐 · 근거가 정의 조(법 · 시행령 제2조)뿐 — 정답 조 제3조는 검색 7위로 문맥 밖
T03	인터넷으로 산 옷은 며칠 안에 반품할 수 있나요?	미룸	미룸	sec:전자상거래등에서의소비자보호에관한법률:제17조	근거를 찾지 못했습니다	근거를 찾지 못했습니다	분류가 놓침 — 「인터넷으로 산」 · 「반품」 이 낱말 표에 없음(통신판매 · 쇼핑몰 · 전자상거래만) · 금융소비자보호법 청약 철회가 후보에 올랐지만 답 모델이 미룸
T04	섬을 오가는 여객선 사업을 하려면 누구 면허를 받아야 하나요?	정답	미룸	sec:해운법:제4조	해양수산부장관 면허	근거를 찾지 못했습니다	—
T05	새 항공사를 세우려면 누구에게 면허를 받나요?	정답	미룸	sec:항공사업법:제7조	국토교통부장관 면허	근거를 찾지 못했습니다	「받어야」 맞춤법(말투)
T06	상장회사는 같은 감사인을 몇 년 연속으로 선임해야 하나요?	정답	미룸	sec:주식회사등의외부감사에관한법률:제10조	연속하는 3개 사업연도	근거를 찾지 못했습니다	—
T07	지주회사는 빚을 자본의 몇 배까지 질 수 있나요?	정답	미룸	sec:독점규제및공정거래에관한법률:제18조	자본총액의 2배를 넘는 부채 금지	근거를 찾지 못했습니다	설립 · 전환 뒤 2년 유예는 빠짐
T08	의료기기를 만들어 팔려면 누구 허가가 필요한가요?	부분	미룸	sec:의료기기법:제6조	제6조 제조업허가 · 품목마다 제조허가 · 인증 · 신고	근거를 찾지 못했습니다	「누구」(식품의약품안전처장)를 말하지 않음
T09	자동차에 결함이 발견되면 제조사는 언제 리콜을 해야 하나요?	오답	미룸	sec:자동차관리법:제31조	「공개 · 시정을 하지 않으면 국토교통부장관이 시정을 명하고 그 시점이 되면 시정」	근거를 찾지 못했습니다	정답은 결함을 안 날부터 지체 없이 공개 · 시정조치(제31조 ①) — 장관 명령 뒤로 읽음(정답 조를 받고도 요건을 잘못 읽음 · DF-59 꼴)
T10	도시가스 공급 사업 허가는 누가 내주나요?	정답	미룸	sec:도시가스사업법:제3조	일반도시가스 시 · 도지사 · 충전 시장 · 군수 · 구청장 · 합성천연가스 산업통상부장관 등	근거를 찾지 못했습니다	가스도매사업(산업통상부장관)은 빠짐 · 2025-10-01 부처 이름은 맞음
T11	아파트를 사고팔면 며칠 안에 신고해야 하나요?	미룸	오답	sec:부동산거래신고등에관한법률:제3조	근거를 찾지 못했습니다	「양도일이 속하는 달의 말일부터 2개월 안」(소득세법 제105조)	분류 길은 「아파트」 로 주택법만 후보에 들어 정답 법이 없어 미룸 · 지금 길은 양도소득세 예정신고로 단정(거래신고 30일과 다른 제도 · DF-64 꼴)
T12	편의점에서 담배를 팔려면 누구에게 지정을 받아야 하나요?	정답	미룸	sec:담배사업법:제16조	시장 · 군수 · 구청장에게 소매인 지정	근거를 찾지 못했습니다	—
T13	맥주에 붙는 세금은 1리터에 얼마인가요?	부분	미룸	sec:주세법:제8조	1킬로리터당 88만5700원	근거를 찾지 못했습니다	숫자는 맞지만 물은 단위(1리터 885.7원)로 바꾸지 않음
T14	동네에 대형 쇼핑센터를 열려면 어디에 등록해야 하나요?	미룸	미룸	sec:유통산업발전법:제8조	근거를 찾지 못했습니다	근거를 찾지 못했습니다	분류가 놓침 — 「쇼핑센터」 가 낱말 표에 없음(대규모점포 · 대형마트 · 복합쇼핑몰만)
