id	질문	정답	의도_묶음	섞임_낱말	메모
Q01	2026년 코스피 상장 주식을 팔 때 증권거래세율은?	stt_decree:제5조;stt_act:제8조	tax		설계서 3.3절 사례 — 시행령 제5조 1만분의 5(공포 때 본문은 옛 세율)
Q02	코스닥 주식을 팔면 증권거래세는 얼마인가요?	stt_decree:제5조;stt_act:제8조	tax
Q03	증권거래세는 누가 내나요?	stt_act:제3조	tax
Q04	증권거래세 과세표준은 무엇으로 정하나요?	stt_act:제7조	tax
Q05	주식을 팔 때 붙는 농어촌특별세 세율은?	rural_tax_act:제5조	tax		세율이 상자 표(┌─)와 그림 태그 속 — 제5조 표 5호 1만분의 15
Q06	배당소득에는 어떤 소득이 포함되나요?	income_tax_act:제17조	tax	배당
Q07	예금 이자는 어떤 소득으로 과세되나요?	income_tax_act:제16조	tax
Q08	배당금에서 원천징수하는 세율은 몇 퍼센트인가요?	income_tax_act:제129조	tax	배당
Q09	이자와 배당이 연 2천만원을 넘으면 어떻게 과세되나요?	income_tax_act:제14조;income_tax_act:제62조	tax	배당	2천만원 = 제14조 ③6 「이자소득등의 종합과세기준금액」
Q10	상장주식을 팔아서 생긴 이익에 양도소득세가 붙는 경우는?	income_tax_act:제94조	tax
Q11	주식 양도소득세 세율은?	income_tax_act:제104조	tax
Q12	배당금은 결의 후 언제까지 줘야 하나요?	commercial_act:제464조의2	company	배당	「배당금」 은 분류 낱말에 없음(세 묶음에 다 걸림)
Q13	회사는 이익배당을 얼마까지 할 수 있나요?	commercial_act:제462조	company	배당	낱말 검색에 상행위편 익명조합(제82조)이 섞였던 질문
Q14	중간배당은 어떤 조건에서 할 수 있나요?	commercial_act:제462조의3	company	배당
Q15	주식배당은 이익배당 총액의 얼마까지 가능한가요?	commercial_act:제462조의2	company	배당
Q16	주주총회 소집 통지는 며칠 전에 보내야 하나요?	commercial_act:제363조	company
Q17	주주총회 보통결의 요건은?	commercial_act:제368조	company
Q18	상장회사가 자기주식을 살 수 있는 한도는?	commercial_act:제341조;capmkt_act:제165조의3	company		상장사 특례는 자본시장법
Q19	소수주주가 주주총회 안건을 제안하려면 몇 퍼센트가 필요한가요?	commercial_act:제363조의2	company
Q20	합병하려면 주주총회 승인이 필요한가요?	commercial_act:제522조	company
Q21	로보어드바이저는 법에서 뭐라고 부르나요?	capmkt_decree:제2조	regulation	로보어드바이저	말뭉치에 「로보어드바이저」 가 한 번도 없다 — 법 이름은 「전자적 투자조언장치」(시행령 제2조 제6호)
Q22	로보어드바이저가 갖춰야 할 요건은?	fis_reg:제1-2조의2;capmkt_decree:제2조	regulation	로보어드바이저
Q23	투자를 권유할 때 고객 정보를 먼저 확인해야 하나요?	fcpa_act:제17조	regulation		적합성 원칙 — 자본시장법 제46조는 금융소비자보호법 시행(2021)으로 삭제
Q24	권유 없이 투자성 상품을 살 때 판매사가 확인할 것(적정성 원칙)은?	fcpa_act:제18조	regulation
Q25	금융상품을 팔 때 위험을 설명할 의무가 있나요?	fcpa_act:제19조	regulation	위험
Q26	원금이 보장된다고 단정해서 권유하면 위법인가요?	fcpa_act:제21조	regulation		부당권유 — 불확실한 사항의 단정적 판단
Q27	증권사가 손실을 보전해 주겠다고 약속해도 되나요?	capmkt_act:제55조	regulation
Q28	공매도는 언제 허용되나요?	capmkt_act:제180조	regulation
Q29	주가를 띄우려고 짜고 사고팔면 불법인가요?	capmkt_act:제176조	regulation		시세조종(통정매매)
Q30	회사 내부 정보로 주식을 사면 처벌되나요?	capmkt_act:제174조	regulation		미공개중요정보
Q31	임원이 6개월 안에 사고팔아 남긴 이익은 반환해야 하나요?	capmkt_act:제172조	regulation		단기매매차익
Q32	지분을 5% 넘게 사면 보고해야 하나요?	capmkt_act:제147조	regulation		대량보유 보고
Q33	펀드 가입 뒤 청약을 철회할 수 있는 기간은?	fcpa_act:제46조	regulation
Q34	위법하게 체결된 금융상품 계약을 해지할 수 있나요?	fcpa_act:제47조	regulation
Q35	투자일임업자가 하면 안 되는 일은?	capmkt_act:제98조;fis_reg:제4-77조	regulation
Q36	설명을 제대로 듣지 못해 손해를 보면 배상받을 수 있나요?	fcpa_act:제44조	regulation	손해배상	제44조 ② 설명의무 위반은 판매업자가 고의 · 과실 없음을 입증
Q37	투자 위험을 제대로 고지받지 못했어요	fcpa_act:제19조;fcpa_act:제44조	regulation	고지	낱말 검색에 상법 보험편 「고지의무」 (제651조 등) 셋이 섞였던 질문
Q38	증권이란 무엇인가요?	capmkt_act:제4조	regulation	증권	상법 상행위 · 해상편의 선하증권 · 창고증권과 같은 낱말
