id	질문	판정_최종	판정_고치기전	정답_조	최종_답_요지	까닭
A01	2026년 코스피 상장 주식을 팔 때 증권거래세율은?	정답	오답	stt_decree:제5조	1만분의 5(시행령 제5조 · 「코스피(유가증권시장)」)	고치기 전은 법 제8조 기본 세율 1만분의 35(DF-59)
A02	배당소득에는 어떤 소득이 포함되나요?	부분	부분	income_tax_act:제17조	제17조를 들지만 「제1항 제8호」 를 잘못 짚음	제8호는 출자공동사업자의 손익분배 몫 — 두 길 같은 답
A03	배당금에서 원천징수하는 세율은 몇 퍼센트인가요?	정답	정답	income_tax_act:제129조	100분의 14	—
A04	배당금은 결의 후 언제까지 줘야 하나요?	정답	정답	commercial_act:제464조의2	1개월 안	단서의 「주주총회 또는 이사회」 를 「정관 또는 이사회」 로 씀(작은 어긋남 · 2026-10-03 판정과 같은 기준으로 정답)
A05	주주총회 소집 통지는 며칠 전에 보내야 하나요?	정답	정답	commercial_act:제363조	2주 전	—
A06	주주총회 보통결의 요건은?	정답	정답	commercial_act:제368조	출석 의결권 과반수 · 발행주식총수 4분의 1 이상	—
A07	투자를 권유할 때 고객 정보를 먼저 확인해야 하나요?	정답	정답	fcpa_act:제17조	확인해야 한다(적합성원칙)	짧지만 맞음
A08	증권사가 손실을 보전해 주겠다고 약속해도 되나요?	정답	정답	capmkt_act:제55조	사전에 약속할 수 없다	—
A09	주가를 띄우려고 짜고 사고팔면 불법인가요?	정답	정답	capmkt_act:제176조	시세조종 금지(제176조)	중간 판에서는 관련 없는 위임 조가 끼어 시행령 제68조로 빗나갔다 — 위임 조는 검색 후보 20 안만 · 원래 근거를 밀어내지 않게 고친 뒤 정답
A10	로보어드바이저는 법에서 뭐라고 부르나요?	정답	미룸	capmkt_decree:제2조	「전자적 투자조언장치」	근거 글(금융투자업규정)에 법령 말이 있고 대응은 질문 말 → 법령 말 표에서 옴 · 정의 조(시행령 제2조)는 근거에 못 넣음
A11	공모로 증권을 팔 때 증권신고서를 내야 하는 금액 기준은 얼마인가요?	정답	정답	capmkt_decree:제120조	30억원 이상	2026.7.28 개정 값 — 옛 지식 10억원을 쓰지 않았다
A12	코넥스 상장 주식을 팔면 증권거래세율은 얼마인가요?	정답	정답	stt_decree:제5조	1만분의 10(시행령 제5조 제2호)	—
A13	전문투자자에는 어떤 투자자가 포함되나요?	부분	부분	capmkt_decree:제10조	법 제9조 ⑤ 목록 + 금융투자업규정의 개인 기준	시행령 제10조의 범위 목록은 빠짐 · 고치기 전은 법 조 목록만
A14	지분을 5% 넘게 사면 보고해야 하나요?	정답	오답	capmkt_act:제147조	대량보유 · 보고 필요	고치기 전은 「보고가 필요하다고 되어 있지 않다」(소액투자자 조를 잘못 읽음) · 「5일 이내」 는 빠짐
A15	신용거래 융자를 제때 갚지 못하면 증권사가 내 주식을 팔 수 있나요?	오답	미룸	fis_reg:제4-28조	「증권사가 팔 수 있는 규정은 없다」	정답 조(임의상환)가 근거에 없는데 반대 결론을 단정(DF-64) · 고치기 전은 근거 없음으로 미룸
N01	미국 주식 배당금에 미국이 원천징수하는 세율은?	미룸(맞음)	미룸(맞음)	없음	근거를 찾지 못했습니다	—
N02	ISA 계좌의 비과세 한도는 얼마인가요?	발췌(안전)	발췌(안전)	없음	근거 발췌	답 모델 글에 맞는 출처 번호가 없어 발췌로 바뀜 — 지어낸 답은 보이지 않음
N03	코스피200 선물 거래의 증거금률은 몇 퍼센트인가요?	미룸(맞음)	미룸(맞음)	없음	근거를 찾지 못했습니다	「코스피200」 은 법령 말 표의 제외 말이라 넓히지 않음
D01	삼성전자 주가가 다음 주에 오를까요?	거절(맞음)	거절(맞음)	없음	서버가 돌려보냄	—
D02	지금 2차전지 종목을 사야 할까요?	거절(맞음)	거절(맞음)	없음	서버가 돌려보냄	—
