결과파일	id	길	평가셋	질문	판정	오답_종류	까닭
kb_answer_eval-20261006-093049	S01	분류	섹터	은행업 인가를 받으려면 자본금이 얼마 이상이어야 하나요?	정답		—
kb_answer_eval-20261006-093049	S02	분류	섹터	보험회사가 보험업을 시작하려면 자본금이 얼마 필요한가요?	정답		일부 종목 · 통신판매 특례는 빠졌지만 물음의 답은 맞음
kb_answer_eval-20261006-093049	S03	분류	섹터	서울에 본점이 있는 저축은행의 최소 자본금은 얼마인가요?	정답		—
kb_answer_eval-20261006-093049	S04	분류	섹터	신용카드사를 세우려면 자본금이 얼마 있어야 하나요?	정답		둘 이상 업을 함께 할 때 400억원은 빠짐
kb_answer_eval-20261006-093049	S05	분류	섹터	위탁관리 리츠의 최저자본금은 얼마인가요?	정답		—
kb_answer_eval-20261006-093049	S06	분류	섹터	의약품 제조업 허가는 누구에게 받아야 하나요?	정답		—
kb_answer_eval-20261006-093049	S07	분류	섹터	신약 허가를 신청할 때 어떤 자료를 내야 하나요?	정답		—
kb_answer_eval-20261006-093049	S08	분류	섹터	기간통신사업을 하려면 어디에 등록하나요?	정답		—
kb_answer_eval-20261006-093049	S09	분류	섹터	개인정보가 유출되면 회사는 누구에게 알리고 신고해야 하나요?	부분		보호위원회 또는 전문기관 신고(제34조 ③)를 빠뜨림 — 2026-10-05 넣은 길과 같음
kb_answer_eval-20261006-093049	S10	분류	섹터	2026년에 전기사업 허가는 누가 내주나요?	정답		답 끝을 「내주나요」 질문 꼴로 맺음(말투 · 내용은 맞음)
kb_answer_eval-20261006-093049	S11	분류	섹터	담배제조업 허가는 어느 부처 장관에게 받나요?	정답		질문 꼴로 맺음(말투)
kb_answer_eval-20261006-093049	S12	분류	섹터	대형마트 의무휴업일은 한 달에 며칠인가요?	부분		내용은 제12조의2 그대로인데 붙인 출처가 시행령 제6조의5 · 법 제13조의2(정답 조는 문맥에 있었음)
kb_answer_eval-20261006-093049	S13	분류	섹터	카지노를 운영하려면 누구 허가가 필요한가요?	정답		—
kb_answer_eval-20261006-093049	S14	분류	섹터	대기업은 종편 채널 지분을 얼마까지 가질 수 있나요?	정답		—
kb_answer_eval-20261006-093049	S15	분류	섹터	중대산업재해로 사망자가 나오면 경영책임자는 어떤 처벌을 받나요?	오답	근거 안 다른 값	사망은 ① 1년 이상의 징역 또는 10억원 이하의 벌금 — 같은 조의 ② 를 씀(정답 조를 인용하고도 항을 잘못 읽음 · DF-59 와 같은 꼴 · 2026-10-05 와 같음)
kb_answer_eval-20261006-093049	S16	분류	섹터	반도체클러스터는 누가 지정하나요?	정답		—
kb_answer_eval-20261006-093049	S17	분류	섹터	유해화학물질 영업허가는 어느 장관에게 받나요?	정답		질문 꼴로 맺음(말투)
kb_answer_eval-20261006-093049	S18	분류	섹터	건설업 등록은 어디에 하나요?	정답		지금 길은 2026-10-05 에 자본시장법 제365조로 단정했고 오늘은 서버가 답을 걸러 발췌 — 빗나간 조를 근거처럼 보이는 것은 같다(DF-64 꼴)
kb_answer_eval-20261006-093717	T01	분류	섹터	게임을 출시하기 전에 등급은 어디서 받아야 하나요?	정답		—
kb_answer_eval-20261006-093717	T02	분류	섹터	화장품을 직접 만들어 팔려면 어디에 등록해야 하나요?	부분		어디에(식품의약품안전처장) 빠짐 · 근거가 정의 조(법 · 시행령 제2조)뿐 — 정답 조 제3조는 검색 7위로 문맥 밖
kb_answer_eval-20261006-093717	T04	분류	섹터	섬을 오가는 여객선 사업을 하려면 누구 면허를 받아야 하나요?	정답		—
kb_answer_eval-20261006-093717	T05	분류	섹터	새 항공사를 세우려면 누구에게 면허를 받나요?	정답		「받어야」 맞춤법(말투)
kb_answer_eval-20261006-093717	T06	분류	섹터	상장회사는 같은 감사인을 몇 년 연속으로 선임해야 하나요?	정답		—
kb_answer_eval-20261006-093717	T07	분류	섹터	지주회사는 빚을 자본의 몇 배까지 질 수 있나요?	정답		설립 · 전환 뒤 2년 유예는 빠짐
kb_answer_eval-20261006-093717	T08	분류	섹터	의료기기를 만들어 팔려면 누구 허가가 필요한가요?	부분		「누구」(식품의약품안전처장)를 말하지 않음
kb_answer_eval-20261006-093717	T09	분류	섹터	자동차에 결함이 발견되면 제조사는 언제 리콜을 해야 하나요?	오답	근거 안 잘못 읽음	정답은 결함을 안 날부터 지체 없이 공개 · 시정조치(제31조 ①) — 장관 명령 뒤로 읽음(정답 조를 받고도 요건을 잘못 읽음 · DF-59 꼴)
kb_answer_eval-20261006-093717	T10	분류	섹터	도시가스 공급 사업 허가는 누가 내주나요?	정답		가스도매사업(산업통상부장관)은 빠짐 · 2025-10-01 부처 이름은 맞음
kb_answer_eval-20261006-093717	T12	분류	섹터	편의점에서 담배를 팔려면 누구에게 지정을 받아야 하나요?	정답		—
kb_answer_eval-20261006-093717	T13	분류	섹터	맥주에 붙는 세금은 1리터에 얼마인가요?	부분		숫자는 맞지만 물은 단위(1리터 885.7원)로 바꾸지 않음
kb_answer_eval-20261006-095339	A01	분류	근거답	2026년 코스피 상장 주식을 팔 때 증권거래세율은?	정답		고치기 전은 법 제8조 기본 세율 1만분의 35(DF-59)
kb_answer_eval-20261006-095339	A02	분류	근거답	배당소득에는 어떤 소득이 포함되나요?	부분		제8호는 출자공동사업자의 손익분배 몫 — 두 길 같은 답
kb_answer_eval-20261006-095339	A03	분류	근거답	배당금에서 원천징수하는 세율은 몇 퍼센트인가요?	정답		—
kb_answer_eval-20261006-095339	A04	분류	근거답	배당금은 결의 후 언제까지 줘야 하나요?	정답		단서의 「주주총회 또는 이사회」 를 「정관 또는 이사회」 로 씀(작은 어긋남 · 2026-10-03 판정과 같은 기준으로 정답)
kb_answer_eval-20261006-095339	A05	분류	근거답	주주총회 소집 통지는 며칠 전에 보내야 하나요?	정답		—
kb_answer_eval-20261006-095339	A06	분류	근거답	주주총회 보통결의 요건은?	정답		—
kb_answer_eval-20261006-095339	A07	분류	근거답	투자를 권유할 때 고객 정보를 먼저 확인해야 하나요?	정답		짧지만 맞음
kb_answer_eval-20261006-095339	A08	분류	근거답	증권사가 손실을 보전해 주겠다고 약속해도 되나요?	정답		—
kb_answer_eval-20261006-095339	A09	분류	근거답	주가를 띄우려고 짜고 사고팔면 불법인가요?	정답		중간 판에서는 관련 없는 위임 조가 끼어 시행령 제68조로 빗나갔다 — 위임 조는 검색 후보 20 안만 · 원래 근거를 밀어내지 않게 고친 뒤 정답
kb_answer_eval-20261006-095339	A10	분류	근거답	로보어드바이저는 법에서 뭐라고 부르나요?	정답		근거 글(금융투자업규정)에 법령 말이 있고 대응은 질문 말 → 법령 말 표에서 옴 · 정의 조(시행령 제2조)는 근거에 못 넣음
kb_answer_eval-20261006-095339	A11	분류	근거답	공모로 증권을 팔 때 증권신고서를 내야 하는 금액 기준은 얼마인가요?	정답		2026.7.28 개정 값 — 옛 지식 10억원을 쓰지 않았다
kb_answer_eval-20261006-095339	A12	분류	근거답	코넥스 상장 주식을 팔면 증권거래세율은 얼마인가요?	정답		—
kb_answer_eval-20261006-095339	A13	분류	근거답	전문투자자에는 어떤 투자자가 포함되나요?	부분		시행령 제10조의 범위 목록은 빠짐 · 고치기 전은 법 조 목록만
kb_answer_eval-20261006-095339	A14	분류	근거답	지분을 5% 넘게 사면 보고해야 하나요?	정답		고치기 전은 「보고가 필요하다고 되어 있지 않다」(소액투자자 조를 잘못 읽음) · 「5일 이내」 는 빠짐
kb_answer_eval-20261006-095339	A15	분류	근거답	신용거래 융자를 제때 갚지 못하면 증권사가 내 주식을 팔 수 있나요?	오답	근거 밖 단정	정답 조(임의상환)가 근거에 없는데 반대 결론을 단정(DF-64) · 고치기 전은 근거 없음으로 미룸
kb_answer_eval-20261006-095339	N02	분류	근거답	ISA 계좌의 비과세 한도는 얼마인가요?	부분		정답 조 조특법 제91조의18 인용 · 서민형 400만원만 · 일반 한도는 빠짐(테스트 계획서 v1.13 <표 8-12>)
kb_answer_eval-20261006-094851	T11	지금	섹터	아파트를 사고팔면 며칠 안에 신고해야 하나요?	오답	빗나간 조로 단정	분류 길은 「아파트」 로 주택법만 후보에 들어 정답 법이 없어 미룸 · 지금 길은 양도소득세 예정신고로 단정(거래신고 30일과 다른 제도 · DF-64 꼴)
kb_answer_eval-20261006-100024	A01	지금	근거답	2026년 코스피 상장 주식을 팔 때 증권거래세율은?	정답		고치기 전은 법 제8조 기본 세율 1만분의 35(DF-59)
kb_answer_eval-20261006-100024	A02	지금	근거답	배당소득에는 어떤 소득이 포함되나요?	부분		제8호는 출자공동사업자의 손익분배 몫 — 두 길 같은 답
kb_answer_eval-20261006-100024	A03	지금	근거답	배당금에서 원천징수하는 세율은 몇 퍼센트인가요?	정답		—
kb_answer_eval-20261006-100024	A04	지금	근거답	배당금은 결의 후 언제까지 줘야 하나요?	정답		단서의 「주주총회 또는 이사회」 를 「정관 또는 이사회」 로 씀(작은 어긋남 · 2026-10-03 판정과 같은 기준으로 정답)
kb_answer_eval-20261006-100024	A05	지금	근거답	주주총회 소집 통지는 며칠 전에 보내야 하나요?	정답		—
kb_answer_eval-20261006-100024	A06	지금	근거답	주주총회 보통결의 요건은?	정답		—
kb_answer_eval-20261006-100024	A07	지금	근거답	투자를 권유할 때 고객 정보를 먼저 확인해야 하나요?	정답		짧지만 맞음
kb_answer_eval-20261006-100024	A08	지금	근거답	증권사가 손실을 보전해 주겠다고 약속해도 되나요?	정답		—
kb_answer_eval-20261006-100024	A09	지금	근거답	주가를 띄우려고 짜고 사고팔면 불법인가요?	정답		중간 판에서는 관련 없는 위임 조가 끼어 시행령 제68조로 빗나갔다 — 위임 조는 검색 후보 20 안만 · 원래 근거를 밀어내지 않게 고친 뒤 정답
kb_answer_eval-20261006-100024	A10	지금	근거답	로보어드바이저는 법에서 뭐라고 부르나요?	정답		근거 글(금융투자업규정)에 법령 말이 있고 대응은 질문 말 → 법령 말 표에서 옴 · 정의 조(시행령 제2조)는 근거에 못 넣음
kb_answer_eval-20261006-100024	A11	지금	근거답	공모로 증권을 팔 때 증권신고서를 내야 하는 금액 기준은 얼마인가요?	정답		2026.7.28 개정 값 — 옛 지식 10억원을 쓰지 않았다
kb_answer_eval-20261006-100024	A12	지금	근거답	코넥스 상장 주식을 팔면 증권거래세율은 얼마인가요?	정답		—
kb_answer_eval-20261006-100024	A13	지금	근거답	전문투자자에는 어떤 투자자가 포함되나요?	부분		시행령 제10조의 범위 목록은 빠짐 · 고치기 전은 법 조 목록만
kb_answer_eval-20261006-100024	A14	지금	근거답	지분을 5% 넘게 사면 보고해야 하나요?	정답		고치기 전은 「보고가 필요하다고 되어 있지 않다」(소액투자자 조를 잘못 읽음) · 「5일 이내」 는 빠짐
kb_answer_eval-20261006-100024	A15	지금	근거답	신용거래 융자를 제때 갚지 못하면 증권사가 내 주식을 팔 수 있나요?	오답	근거 밖 단정	정답 조(임의상환)가 근거에 없는데 반대 결론을 단정(DF-64) · 고치기 전은 근거 없음으로 미룸
