id	질문	정답	기대	의도_묶음	섞임_낱말	메모
U01	트럭으로 남의 짐을 실어 나르는 사업을 하려면 누구 허가를 받아야 하나요?	sec:화물자동차운수사업법:제3조	answer	sector		산업(화물운송) · 정답 국토교통부장관의 허가(① 일반 · 개인화물자동차 운송사업) · 「트럭」 은 2판에 더한 일상 말 · 조문 확인 2026-10-06
U02	동네에 식당을 열려면 어디에 신고해야 하나요?	sec:식품위생법:제37조	answer	sector		필수소비재(외식) · 정답 ④ 대통령령으로 정하는 영업은 식품의약품안전처장 또는 특별자치시장 · 특별자치도지사 · 시장 · 군수 · 구청장에게 신고(일반음식점은 시행령 제25조) · 「식당」 은 2판에 더한 말 · 조문 확인 2026-10-06
U03	빵집을 열기 전에 위생교육을 받아야 하나요?	sec:식품위생법:제41조	answer	sector		필수소비재(외식) · 정답 ② 영업을 하려는 자는 미리 식품위생교육(부득이하면 시작 뒤) · 「빵집」 · 「위생교육」 은 낱말 표에 없다(분류가 놓칠 수 있는 일상 말 · 일부러) · 조문 확인 2026-10-06
U04	영양제를 온라인으로 팔려면 신고해야 하나요?	sec:건강기능식품에관한법률:제6조	answer	sector		필수소비재(건강기능식품) · 정답 ② 건강기능식품판매업은 영업소 소재지 특별자치시장 · 특별자치도지사 · 시장 · 군수 · 구청장에게 신고(약국 등 예외) · 「영양제」 는 2판에 더한 말 · 조문 확인 2026-10-06
U05	소주에는 세금이 몇 퍼센트 붙나요?	sec:주세법:제8조	answer	sector		필수소비재(주류) · 정답 ① 3호 증류주류 100분의 72 · 조문 확인 2026-10-06
U06	편의점에서 감기약을 팔려면 어떻게 해야 하나요?	sec:약사법:제44조의2	answer	sector		헬스케어(의약품) · 정답 ① 안전상비의약품을 약국 밖에서 팔려면 시장 · 군수 · 구청장에게 판매자 등록 · ② 24시간 연중무휴 점포 · 「감기약」 은 2판에 더한 말 · 조문 확인 2026-10-06
U07	담배를 인터넷으로 팔아도 되나요?	sec:담배사업법:제12조	answer	sector		필수소비재(담배) · 정답 ④ 소매인은 우편판매 · 전자거래로 팔면 안 된다 · 조문 확인 2026-10-06
U08	게임 회사는 아이템 뽑기 확률을 꼭 알려야 하나요?	sec:게임산업진흥에관한법률:제33조	answer	sector		커뮤니케이션(게임) · 정답 ② 확률형 아이템의 종류와 종류별 공급 확률정보를 게임물 · 누리집 · 광고마다 표시 · 「뽑기」 는 낱말 표에 없다(「게임」 으로 걸림) · 조문 확인 2026-10-06
U09	상장회사 회계감사는 누가 할 수 있나요?	sec:주식회사등의외부감사에관한법률:제9조	answer	sector		공통(외부감사) · 정답 ① 1호 주권상장법인 재무제표 감사는 회계법인인 감사인(대통령령으로 정하는 상장법인 제외) · 조문 확인 2026-10-06
U10	건강보험료를 계속 안 내면 병원 치료를 못 받나요?	sec:국민건강보험법:제53조	answer	sector		헬스케어(건강보험) · 정답 ③ 대통령령으로 정하는 기간 이상 체납하면 완납할 때까지 보험급여를 실시하지 않을 수 있다(횟수 · 소득 기준 미만 예외 · ⑤ 분할납부) · 조문 확인 2026-10-06
U11	개인정보가 새어 나가 피해를 보면 회사에 배상을 받을 수 있나요?	sec:개인정보보호법:제39조	answer	sector		공통(개인정보) · 정답 ① 손해배상 청구 가능 · 처리자가 고의 · 과실 없음을 입증해야 · ③ 고의 · 중과실이면 손해액 5배 안(2026.3.10 개정) · 「새어 나가」 는 낱말 표에 없다(「개인정보」 로 걸림) · 조문 확인 2026-10-06
U12	연예기획사를 차리려면 어디에 등록해야 하나요?	sec:대중문화예술산업발전법:제26조	answer	sector		커뮤니케이션(엔터) · 정답 ① 문화체육관광부장관에게 등록 · ② 경력 2년 또는 교육 이수 · 사무소 · 조문 확인 2026-10-06
U13	주유소가 가짜 휘발유를 팔면 불법인가요?	sec:석유및석유대체연료사업법:제29조	answer	sector		에너지(석유) · 정답 ① 1호 누구든지 가짜석유제품을 판매하면 안 된다 · 「휘발유」 는 2판에 더한 말(「주유소」 는 1판에 있음) · 조문 확인 2026-10-06
