id	질문	판정_넣은길	판정_안넣은길	정답_조	넣은길_답_요지	안넣은길_답_요지	까닭
S01	은행업 인가를 받으려면 자본금이 얼마 이상이어야 하나요?	정답	미룸	sec:은행법:제8조	1천억원 이상 · 지방은행은 250억원 이상	근거를 찾지 못했습니다	안 넣은 길은 은행법이 근거 DB 에 없어 바르게 미룸
S02	보험회사가 보험업을 시작하려면 자본금이 얼마 필요한가요?	정답	미룸	sec:보험업법:제9조	300억원 이상 · 일부 종목만이면 50억원 이상 범위에서 대통령령	근거를 찾지 못했습니다	—
S03	서울에 본점이 있는 저축은행의 최소 자본금은 얼마인가요?	정답	미룸	sec:상호저축은행법:제5조	120억원	근거를 찾지 못했습니다	질문 말 「저축은행」 ↔ 법령 말 「상호저축은행」 을 그대로 찾음
S04	신용카드사를 세우려면 자본금이 얼마 있어야 하나요?	정답	미룸	sec:여신전문금융업법:제5조	200억원 이상	근거를 찾지 못했습니다	둘 이상 업을 함께 하면 400억원인 경우는 말하지 않음(질문 범위 밖)
S05	위탁관리 리츠의 최저자본금은 얼마인가요?	정답	미룸	sec:부동산투자회사법:제10조	50억원	근거를 찾지 못했습니다	—
S06	의약품 제조업 허가는 누구에게 받아야 하나요?	정답	미룸	sec:약사법:제31조	식품의약품안전처장	근거를 찾지 못했습니다	—
S07	신약 허가를 신청할 때 어떤 자료를 내야 하나요?	정답	미룸	sec:약사법:제31조	품질 · 비임상시험 · 임상시험 자료 · 특허관계 확인서 · 총리령으로 정하는 자료	근거를 찾지 못했습니다	S06 과 같은 조의 다른 항(제10항)
S08	기간통신사업을 하려면 어디에 등록하나요?	정답	미룸	sec:전기통신사업법:제6조	과학기술정보통신부장관에게 등록	근거를 찾지 못했습니다	「법인만」 은 말하지 않음
S09	개인정보가 유출되면 회사는 누구에게 알리고 신고해야 하나요?	부분	미룸	sec:개인정보보호법:제34조	정보주체에게 통지 · 피해 최소화 대책	근거를 찾지 못했습니다	보호위원회 또는 전문기관 신고(제34조 ③)를 빠뜨림
S10	2026년에 전기사업 허가는 누가 내주나요?	정답	미룸	sec:전기사업법:제7조	기후에너지환경부장관 또는 시 · 도지사	근거를 찾지 못했습니다	내용은 2026 판 조문과 같다(2025-10-01 개정) · 답을 질문 꼴(「…내주나요」)로 끝냄
S11	담배제조업 허가는 어느 부처 장관에게 받나요?	정답	미룸	sec:담배사업법:제11조	재정경제부장관	근거를 찾지 못했습니다	내용은 2026 판과 같다 · 답을 질문 꼴(「…받나요」)로 끝냄
S12	대형마트 의무휴업일은 한 달에 며칠인가요?	부분	미룸	sec:유통산업발전법:제12조의2	매월 이틀 · 공휴일 가운데 · 합의하면 공휴일이 아닌 날	근거를 찾지 못했습니다	내용은 제12조의2 ③ 그대로인데 붙인 출처 번호가 제52조(과태료)를 가리킴
S13	카지노를 운영하려면 누구 허가가 필요한가요?	정답	미룸	sec:관광진흥법:제5조	문화체육관광부장관의 허가	근거를 찾지 못했습니다	—
S14	대기업은 종편 채널 지분을 얼마까지 가질 수 있나요?	정답	미룸	sec:방송법:제8조	100분의 30 초과 소유 금지	근거를 찾지 못했습니다	질문 말 「종편」 ↔ 「종합편성 … 방송채널사용사업자」
S15	중대산업재해로 사망자가 나오면 경영책임자는 어떤 처벌을 받나요?	오답	미룸	sec:중대재해처벌등에관한법률:제6조	「제2조제2호가목 … 제6조②에 따라 7년 이하의 징역 또는 1억원 이하의 벌금」	근거를 찾지 못했습니다	사망(가목)은 ① 1년 이상의 징역 또는 10억원 이하의 벌금 — 같은 조의 ② 를 씀(정답 조를 인용하고도 항을 잘못 읽음 · DF-59 와 같은 꼴)
S16	반도체클러스터는 누가 지정하나요?	정답	미룸	sec:반도체산업경쟁력강화및지원에관한특별법:제11조	산업통상부장관	근거를 찾지 못했습니다	2025-10-01 뒤 부처 이름
S17	유해화학물질 영업허가는 어느 장관에게 받나요?	정답	미룸	sec:화학물질관리법:제28조	기후에너지환경부장관	근거를 찾지 못했습니다	내용은 2026 판과 같다 · 답을 질문 꼴(「…받나요」)로 끝냄
S18	건설업 등록은 어디에 하나요?	정답	오답	sec:건설산업기본법:제9조	국토교통부장관에게 등록	「자본시장과 금융투자업에 관한 법률 제365조에 규정」	안 넣은 길은 낱말 「등록」 만 맞는 자본시장법 제365조(명의개서대행회사의 등록)를 근거로 단정 — DF-64 와 같은 꼴(근거가 빗나가면 단정)
A07	투자를 권유할 때 고객 정보를 먼저 확인해야 하나요?	부분	정답	fcpa_act:제17조	「예, 투자를 권유할 때 고객 정보를 먼저 확인해야 합니다」 · 출처는 금융지주회사법 시행령 제27조의2	「투자를 권유할 때 고객 정보를 먼저 확인해야 한다」 · 출처 금융소비자보호법 제17조	기존 근거답 평가셋 v1 — 넣은 길에서 섹터 조문이 정답 조를 문맥에서 밀어내 답 글은 맞지만 출처가 엉뚱함
A08	증권사가 손실을 보전해 주겠다고 약속해도 되나요?	오답	정답	capmkt_act:제55조	「약속할 수 없습니다 … 자기계약의 금지를 위반 … 법률 제67조에 따라 금지」	「손실을 보전해 주겠다고 사전에 약속할 수 없습니다」 · 출처 자본시장법 제55조	기존 근거답 평가셋 v1 — 결론은 같지만 근거를 제67조(자기계약의 금지)로 틀리게 댐 · 정답 조 제55조가 문맥에서 빠짐(검색 평가 Q27 이 1위 → 10위)
A13	전문투자자에는 어떤 투자자가 포함되나요?	미룸	부분	capmkt_decree:제10조;capmkt_act:제9조	근거 발췌(답에 근거 목록 안 출처 번호가 없어 발췌로 돌아감 · 발췌 셋째에 정답 조)	법 제9조 ⑤ 목록 + 금융투자업규정의 개인 기준(시행령 제10조의 범위 목록은 빠짐)	기존 근거답 평가셋 v1 — 넣은 길은 안전하게 미룸 · 안 넣은 길은 2026-10-04 판정 그대로 부분
N02	ISA 계좌의 비과세 한도는 얼마인가요?	부분	미룸	없음	조세특례제한법 제91조의18 ② — 서민형 400만원 두 경우를 1 · 2 로 적고 일반 200만원은 빠뜨림	근거 발췌(조세특례제한법이 근거 DB 에 없음 · 지어낸 답은 보이지 않음 — 안전)	기존 근거답 평가셋 v1 의 근거 밖 질문 — 섹터 법령(정보기술 섹터의 관련 법 · 국가전략기술 세액공제)에 조세특례제한법이 있어 ISA 조까지 들어와 근거가 생김 · 지어낸 답이 아니라 덜 옮긴 답 · 넣는 쪽을 정하면 이 문항의 기대를 바꾼다
