질문말	법령말	조건	제외	자리	근거	확실도	메모
코스피	유가증권시장		코스피200|코스피 200|코스피지수|코스피 지수	뒤	capmkt_decree:제176조의9	높음	법령은 「유가증권시장」 만 쓴다(시행령 제176조의9 ① 정의) · 말뭉치에 「코스피」 2청크 · 「유가증권시장」 9청크 · 한국거래소 영문 이름 KOSPI Market
코스닥	코스닥시장		코스닥150|코스닥 150|코스닥지수|코스닥 지수	뒤	stt_decree:제5조	높음	증권거래세법 시행령 제5조 제3호 가목 「코스닥시장」
코넥스	코넥스시장			뒤	capmkt_decree:제11조	높음	자본시장법 시행령 제11조 ② 「코넥스시장」 정의
로보어드바이저|로보 어드바이저|로보어드바이져	전자적 투자조언장치			뒤	capmkt_decree:제2조	높음	자본시장법 시행령 제2조 제6호 정의 · 말뭉치에 「로보어드바이저」 0번
5%룰|5% 룰|5프로룰|지분 공시|지분공시	대량보유			뒤	capmkt_act:제147조	높음	제147조(주식등의 대량보유 등의 보고) — 100분의 5 이상
5%|5퍼센트|5프로	대량보유	지분|보유|취득		끝	capmkt_act:제147조	높음	지분 · 보유 · 취득 말이 함께 있을 때만(「5%」 만으로는 세율 · 수익률과 헷갈린다)
내부 정보|내부정보|내부자 정보|미공개 정보|미공개정보|내부자 거래|내부자거래	미공개중요정보			뒤	capmkt_act:제174조	높음	제174조(미공개중요정보 이용행위 금지)
주가조작|주가 조작|시세조작|시세 조작|작전주|작전 세력	시세조종			뒤	capmkt_act:제176조	높음	제176조(시세조종행위 등의 금지)
누가 내|누가 납부|내는 사람|납부하는 사람	납세의무자	세		끝	stt_act:제3조	높음	세금 말이 함께 있을 때만(「누가 내나」 만으로는 무엇을 내는지 모른다) · 증권거래세법 제3조 · 소득세법 제2조
위험 고지|위험고지|위험을 고지|위험을 알려|위험 설명	설명의무			뒤	fcpa_act:제19조	중간	금융소비자보호법 제19조 — 위험 등 중요한 사항의 설명 · 상법 보험편 「고지의무」 와 다르다
고지|알려 주지|알려주지	설명의무	위험		끝	fcpa_act:제19조	중간	「위험」 이 함께 있을 때만 — 「투자 위험을 제대로 고지받지 못했어요」 처럼 사이에 말이 끼는 꼴
공모주|공모	모집|매출			뒤	capmkt_act:제9조	높음	제9조 ⑦ 모집 · ⑨ 매출
펀드	집합투자기구|집합투자증권			뒤	capmkt_act:제9조	높음	제9조 ⑱ 집합투자기구 · 제4조 ⑤ 집합투자증권
ETF|이티에프	상장지수집합투자기구			뒤	capmkt_act:제234조	높음	제234조(상장지수집합투자기구)
증권사|증권회사	투자매매업자|투자중개업자			뒤	capmkt_act:제8조	높음	제8조 ② 투자매매업자 · ③ 투자중개업자
양도세	양도소득세			뒤	income_tax_act:제94조	높음	소득세법 제94조(양도소득의 범위)
자사주	자기주식			뒤	commercial_act:제341조	높음	상법 제341조(자기주식의 취득)
신용거래|신용 거래|빚투|신용융자|신용 융자	신용공여			뒤	capmkt_act:제72조	높음	제72조(신용공여) — 금전의 융자 · 증권의 대여
반대매매|반대 매매	임의상환|임의처분			뒤	fis_reg:제4-28조	높음	금융투자업규정 제4-28조(임의상환방법) — 신용공여 채무를 갚지 않으면 담보증권을 임의처분해 충당
손실 보장|손실보장|손실을 보전|손실을 보장	손실보전			뒤	capmkt_act:제55조	높음	제55조(손실보전 등의 금지)
