경로	강사님 커밋	줄 수(기준→5b0a768)	3-way 기준	영역	주담당	우리 판 상태	3-way 결과	분류	메모
app/routes/formula.py	995b9c7	+5 −1	e815be3	서버 · 산식 내보내기	신장환(산식) · 이동원(3차 Pine)	기준과 같음(안 고침)	깨끗(우리 판 = 기준 → 강사님 판 그대로)	가	Pine 변환 실패를 422 로 돌려준다 — formula.py(Pine v6) 와 한 묶음
app/routes/stocks.py	995b9c7 c6e9c2f 0ca06dc 85c3444 5b0a768	+130 −28	e815be3	서버 · 라우트 여러 기능	여럿(기능 표 참고)	우리가 고침(이동원 — 수집 DB 다리 · 비용 모델 · 실거래 관문 등 12커밋)	충돌 1	가·나·다 섞임	충돌은 import 한 줄(둘 다 두면 됨). 깨끗이 들어오는 값 변경 넷: ① 종목 검색 1차 소스가 KRX 로컬 → 바깥 OHLCV 저장소(게이트웨이가 없으면 한글 검색이 빈 결과) + 야후 결과 자동 적재 ② 지표 백테스트 응답의 LightGBM SHAP 설명(explanation 캐시) 삭제 ③ /quant/compare 기본 비용 10bp+5bp(우리 비용 모델 밖) ④ 패턴 응답 refresh_seconds 30 · 캐시 우회. 새 API: /stocks/sectors · /stocks/quant/manual-order · /stocks/quant/order-readiness · /quant/compare
app/services/aggressive_mode.py	995b9c7	+6 −3	e815be3	서버 · 공격 모드 분봉 지표	강민석	기준과 같음(안 고침)	깨끗(우리 판 = 기준 → 강사님 판 그대로)	가	분봉이 없으면 「관망」 대신 「판단 불가」 + error · as_of · price_source — 근거 없는 판단을 숨기지 않는다(우리 원칙과 같음)
app/services/auto_trade.py	995b9c7 c6e9c2f	+103 −1	e815be3	서버 · 자동매매 · 수동 주문	강민석(모의 주문) · 오준영(3차 증권사 연동)	우리가 고침(이동원 — 장부 하나 · 실거래 관문 · 비용 · 반영)	깨끗(충돌 0) — 의미 충돌(서버 계좌 경로)	나	3-way 는 깨끗하지만 새 place_manual_kis_order 가 resolve_route()(인자 없음) · kis_credentials.get_credentials()(서버 계좌)를 부른다 — ADR-0004(키는 사용자마다)인 우리 판에서는 게이트웨이가 없으면 늘 「연동 안 됨」 으로 막힌다 → resolve_route(broker_row) · for_user(broker_row) 두 줄. 판단 불가 신호 · basis 칸은 가. 실거래 관문 시험 먼저
app/services/formula.py	995b9c7	+180 −27	e815be3	서버 · 산식 → Pine v6	이동원(3차 Pine) · 신장환(산식)	기준과 같음(안 고침)	깨끗(우리 판 = 기준 → 강사님 판 그대로)	가	정규식 치환 Pine v5 → AST 변환 Pine v6(옮길 수 없는 함수 · 구문은 FormulaError). 우리 indicator.js 의 Pine 템플릿(75줄)은 아직 v5 — 화면과 같이 맞출 것
app/services/investment_research.py	0ca06dc	+72 −1	e815be3	서버 · 전략 백테스트 · XAI · 비교	신장환(XAI ①-5 · 지표) · 강민석(성과지표 · 비용 #134)	팀원이 고침(신장환 3839329 RSI Wilder) + 이동원(88e00b3 비용 모델)	충돌 1 + 의미 충돌 1(cost 미정의)	나	충돌 1(함수 머리) — 풀어도 _backtest_frame 이 cost 를 인자로 받지 않아 `if cost is None` 에서 UnboundLocalError(모든 백테스트가 깨짐 · 의미 충돌). compare_strategies 기본 10bp+5bp 는 우리 KrxCostModel 과 다름. 규칙 기반 XAI(explain_strategy) 신설
app/services/kis_market_data.py	85c3444	+15 −6	e815be3	서버 · KIS 차트 시세	이동원(시세 경로) · 강민석	기준과 같음(안 고침)	깨끗(우리 판 = 기준 → 강사님 판 그대로)	가	긴 일봉 이력 60초까지 기다림 · refresh 때 최근 20봉을 다시 받아 합침. 국내 일봉은 수집 DB 가 먼저라 영향 작음 — 다만 게이트웨이가 느리면 폴백 전 대기가 10초 → 60초
app/services/ohlcv_catalog.py	5b0a768	+95 −0	e815be3	서버 · 종목 카탈로그(바깥 저장소)	이동원(데이터)	새 파일	새 파일	다	stock-coin-trade OHLCV 저장소(pg-stock) 검색 · 적재 클라이언트 — 바깥 서비스 의존 · 검색 중 동기 적재(최대 60초) · 우리는 앱이 수집 DB 에 쓰지 않는다(설계서 4.1). 구조(저장소 먼저 → 야후 → 실패는 빈 결과)만 참고
app/services/patterns.py	85c3444	+2 −2	e815be3	서버 · 차트 패턴 · 다중 주기	신장환	기준과 같음(안 고침)	깨끗(우리 판 = 기준 → 강사님 판 그대로)	가	get_candles(max_age_hours=0) — 캐시를 건너뛰고 새로 받는다. 국내 일봉은 수집 DB 라 무관 · 60분봉 · 주봉은 화면을 열 때마다 야후 호출. 일일 러너 신호 단계(mtf_signals)는 이 함수를 부르지 않는다
app/services/sector_indicators.py	c6e9c2f	+398 −0	e815be3	서버 · 섹터 인디케이터	주인 없음 → 이동원	새 파일	새 파일	가(값은 우리 것)	QUANT_STOCKS · QUANT_SECTORS 를 읽으므로 우리 31종목 · 18섹터로 돈다(강사님은 3섹터 상대 순위 전제 — 섹터당 1 ~ 3종목이면 판정 의미가 약함). 재무는 야후 quoteSummary 31종목(6개 동시 · 1시간 캐시) → 야후 봉인 시험 기준선을 넘음. DART 수집 DB 재무(financial_statement)로 바꿀 후보
app/services/stock.py	995b9c7 c6e9c2f 85c3444	+105 −43	e815be3	서버 · 시세 · 재무	이동원(데이터) · 신장환(definition)	우리가 고침(이동원 수집 DB 다리 · A1) + 팀원(신장환 3839329)	충돌 2	가	충돌 2(import 한 줄 · 지표 응답 칸 — 우리 as_of(수집 DB) · definition 을 두고 interval · bars 만 더함). 재무 조회 재시도 · 7일 내 옛 자료(stale) · 가격만(partial) · PER 기준(perBasis) · 재무 지표 15개 · 캐시 키 v2. 야후 언급 줄 늘어남(봉인 시험). get_candles max_age_hours=0 처리는 수집 DB 다리 뒤라 안전
infra/fd-edumgt/Caddyfile	995b9c7 c6e9c2f	+19 −1	e815be3	배포 · 강사님 서버 역프록시	—	우리에게 없음	우리에게 없음	다	강사님 fd.edumgt.co.kr 운영 설정 — 우리 배포와 무관(AWS · 배포는 로컬 완성 뒤)
local-py/.env.example	5b40fbe	+51 −0	e815be3	로컬 자동매매 설정 예시	—	새 파일	새 파일(열지 않음)	다	지킬 것 규칙(.env* 열지 않음)대로 내용을 보지 않았다 — 키 칸이 있는 설정 예시로 추정
local-py/.gitignore	5b40fbe	+5 −0	e815be3	로컬 자동매매	—	새 파일	새 파일	다	로컬 전용 자동매매 CLI(lumina_local) — 앱 자동매매를 표준 라이브러리만으로 떼어 낸 별도 패키지. 실전 서버 주소(openapi 9443)와 KIS_PAPER=false 로 실주문이 가능한데 우리 실거래 관문(ADR-0001 live_trading_allowed)이 없다 · 3분 주기 · 왕복 비용 0.25% 가정
local-py/README.md	5b40fbe	+272 −0	e815be3	로컬 자동매매 안내	강민석 · 오준영(참고)	새 파일	새 파일	다	로컬 전용 자동매매 CLI(lumina_local) — 앱 자동매매를 표준 라이브러리만으로 떼어 낸 별도 패키지. 실전 서버 주소(openapi 9443)와 KIS_PAPER=false 로 실주문이 가능한데 우리 실거래 관문(ADR-0001 live_trading_allowed)이 없다 · 3분 주기 · 왕복 비용 0.25% 가정 · 단계별 안내(mock → 야후 → 가상 장부 → 백테스트)는 읽을거리로 좋음
local-py/lumina_local/__init__.py	5b40fbe	+12 −0	e815be3	로컬 자동매매	—	새 파일	새 파일	다	로컬 전용 자동매매 CLI(lumina_local) — 앱 자동매매를 표준 라이브러리만으로 떼어 낸 별도 패키지. 실전 서버 주소(openapi 9443)와 KIS_PAPER=false 로 실주문이 가능한데 우리 실거래 관문(ADR-0001 live_trading_allowed)이 없다 · 3분 주기 · 왕복 비용 0.25% 가정
local-py/lumina_local/aggressive.py	5b40fbe	+146 −0	e815be3	로컬 자동매매 · 공격 모드	—	새 파일	새 파일	다	로컬 전용 자동매매 CLI(lumina_local) — 앱 자동매매를 표준 라이브러리만으로 떼어 낸 별도 패키지. 실전 서버 주소(openapi 9443)와 KIS_PAPER=false 로 실주문이 가능한데 우리 실거래 관문(ADR-0001 live_trading_allowed)이 없다 · 3분 주기 · 왕복 비용 0.25% 가정
local-py/lumina_local/auto_trade.py	5b40fbe	+346 −0	e815be3	로컬 자동매매 · 사이클	—	새 파일	새 파일	다	로컬 전용 자동매매 CLI(lumina_local) — 앱 자동매매를 표준 라이브러리만으로 떼어 낸 별도 패키지. 실전 서버 주소(openapi 9443)와 KIS_PAPER=false 로 실주문이 가능한데 우리 실거래 관문(ADR-0001 live_trading_allowed)이 없다 · 3분 주기 · 왕복 비용 0.25% 가정
local-py/lumina_local/backtest.py	5b40fbe	+84 −0	e815be3	로컬 자동매매 · 백테스트	—	새 파일	새 파일	다	로컬 전용 자동매매 CLI(lumina_local) — 앱 자동매매를 표준 라이브러리만으로 떼어 낸 별도 패키지. 실전 서버 주소(openapi 9443)와 KIS_PAPER=false 로 실주문이 가능한데 우리 실거래 관문(ADR-0001 live_trading_allowed)이 없다 · 3분 주기 · 왕복 비용 0.25% 가정 · 비용 가정이 우리 비용 모델과 다름
local-py/lumina_local/broker.py	5b40fbe	+249 −0	e815be3	로컬 자동매매 · KIS 브로커	오준영(3차 · 참고)	새 파일	새 파일	다	로컬 전용 자동매매 CLI(lumina_local) — 앱 자동매매를 표준 라이브러리만으로 떼어 낸 별도 패키지. 실전 서버 주소(openapi 9443)와 KIS_PAPER=false 로 실주문이 가능한데 우리 실거래 관문(ADR-0001 live_trading_allowed)이 없다 · 3분 주기 · 왕복 비용 0.25% 가정 · 참고할 것: KIS 접근 토큰을 파일(kis_token.json)에 두고 다시 쓴다 — DF-84(토큰 1분 1회) 고치는 안의 다른 사례
local-py/lumina_local/cli.py	5b40fbe	+296 −0	e815be3	로컬 자동매매 · 명령줄	—	새 파일	새 파일	다	로컬 전용 자동매매 CLI(lumina_local) — 앱 자동매매를 표준 라이브러리만으로 떼어 낸 별도 패키지. 실전 서버 주소(openapi 9443)와 KIS_PAPER=false 로 실주문이 가능한데 우리 실거래 관문(ADR-0001 live_trading_allowed)이 없다 · 3분 주기 · 왕복 비용 0.25% 가정
local-py/lumina_local/config.py	5b40fbe	+176 −0	e815be3	로컬 자동매매 · 설정	—	새 파일	새 파일	다	로컬 전용 자동매매 CLI(lumina_local) — 앱 자동매매를 표준 라이브러리만으로 떼어 낸 별도 패키지. 실전 서버 주소(openapi 9443)와 KIS_PAPER=false 로 실주문이 가능한데 우리 실거래 관문(ADR-0001 live_trading_allowed)이 없다 · 3분 주기 · 왕복 비용 0.25% 가정 · mode=live + kis_paper=False 면 실전
local-py/lumina_local/indicators.py	5b40fbe	+149 −0	e815be3	로컬 자동매매 · 지표	—	새 파일	새 파일	다	로컬 전용 자동매매 CLI(lumina_local) — 앱 자동매매를 표준 라이브러리만으로 떼어 낸 별도 패키지. 실전 서버 주소(openapi 9443)와 KIS_PAPER=false 로 실주문이 가능한데 우리 실거래 관문(ADR-0001 live_trading_allowed)이 없다 · 3분 주기 · 왕복 비용 0.25% 가정
local-py/lumina_local/market_data.py	5b40fbe	+219 −0	e815be3	로컬 자동매매 · 시세	—	새 파일	새 파일	다	로컬 전용 자동매매 CLI(lumina_local) — 앱 자동매매를 표준 라이브러리만으로 떼어 낸 별도 패키지. 실전 서버 주소(openapi 9443)와 KIS_PAPER=false 로 실주문이 가능한데 우리 실거래 관문(ADR-0001 live_trading_allowed)이 없다 · 3분 주기 · 왕복 비용 0.25% 가정 · 야후 직접 호출
local-py/lumina_local/risk_guard.py	5b40fbe	+175 −0	e815be3	로컬 자동매매 · 위험관리	강민석(참고)	새 파일	새 파일	다	로컬 전용 자동매매 CLI(lumina_local) — 앱 자동매매를 표준 라이브러리만으로 떼어 낸 별도 패키지. 실전 서버 주소(openapi 9443)와 KIS_PAPER=false 로 실주문이 가능한데 우리 실거래 관문(ADR-0001 live_trading_allowed)이 없다 · 3분 주기 · 왕복 비용 0.25% 가정 · 위험관리 다섯 가지 — 우리 risk_guard 와 견줄 거리
local-py/lumina_local/store.py	5b40fbe	+193 −0	e815be3	로컬 자동매매 · 장부 파일	—	새 파일	새 파일	다	로컬 전용 자동매매 CLI(lumina_local) — 앱 자동매매를 표준 라이브러리만으로 떼어 낸 별도 패키지. 실전 서버 주소(openapi 9443)와 KIS_PAPER=false 로 실주문이 가능한데 우리 실거래 관문(ADR-0001 live_trading_allowed)이 없다 · 3분 주기 · 왕복 비용 0.25% 가정
local-py/lumina_local/strategy.py	5b40fbe	+140 −0	e815be3	로컬 자동매매 · 전략	—	새 파일	새 파일	다	로컬 전용 자동매매 CLI(lumina_local) — 앱 자동매매를 표준 라이브러리만으로 떼어 낸 별도 패키지. 실전 서버 주소(openapi 9443)와 KIS_PAPER=false 로 실주문이 가능한데 우리 실거래 관문(ADR-0001 live_trading_allowed)이 없다 · 3분 주기 · 왕복 비용 0.25% 가정
local-py/lumina_local/universe.py	5b40fbe	+70 −0	e815be3	로컬 자동매매 · 유니버스	—	새 파일	새 파일	다	로컬 전용 자동매매 CLI(lumina_local) — 앱 자동매매를 표준 라이브러리만으로 떼어 낸 별도 패키지. 실전 서버 주소(openapi 9443)와 KIS_PAPER=false 로 실주문이 가능한데 우리 실거래 관문(ADR-0001 live_trading_allowed)이 없다 · 3분 주기 · 왕복 비용 0.25% 가정 · 강사님 31종목(운용 값 — 받지 않기로 함)
local-py/requirements.txt	5b40fbe	+5 −0	e815be3	로컬 자동매매	—	새 파일	새 파일	다	로컬 전용 자동매매 CLI(lumina_local) — 앱 자동매매를 표준 라이브러리만으로 떼어 낸 별도 패키지. 실전 서버 주소(openapi 9443)와 KIS_PAPER=false 로 실주문이 가능한데 우리 실거래 관문(ADR-0001 live_trading_allowed)이 없다 · 3분 주기 · 왕복 비용 0.25% 가정
local-py/strategies/ma-cross-basic.json	5b40fbe	+10 −0	e815be3	로컬 자동매매 · 전략 명세	—	새 파일	새 파일	다	로컬 전용 자동매매 CLI(lumina_local) — 앱 자동매매를 표준 라이브러리만으로 떼어 낸 별도 패키지. 실전 서버 주소(openapi 9443)와 KIS_PAPER=false 로 실주문이 가능한데 우리 실거래 관문(ADR-0001 live_trading_allowed)이 없다 · 3분 주기 · 왕복 비용 0.25% 가정
local-py/strategies/momentum-breakout.json	5b40fbe	+10 −0	e815be3	로컬 자동매매 · 전략 명세	—	새 파일	새 파일	다	로컬 전용 자동매매 CLI(lumina_local) — 앱 자동매매를 표준 라이브러리만으로 떼어 낸 별도 패키지. 실전 서버 주소(openapi 9443)와 KIS_PAPER=false 로 실주문이 가능한데 우리 실거래 관문(ADR-0001 live_trading_allowed)이 없다 · 3분 주기 · 왕복 비용 0.25% 가정
local-py/strategies/score-threshold.json	5b40fbe	+8 −0	e815be3	로컬 자동매매 · 전략 명세	—	새 파일	새 파일	다	로컬 전용 자동매매 CLI(lumina_local) — 앱 자동매매를 표준 라이브러리만으로 떼어 낸 별도 패키지. 실전 서버 주소(openapi 9443)와 KIS_PAPER=false 로 실주문이 가능한데 우리 실거래 관문(ADR-0001 live_trading_allowed)이 없다 · 3분 주기 · 왕복 비용 0.25% 가정
local-py/tests/test_local.py	5b40fbe	+307 −0	e815be3	로컬 자동매매 · 시험	—	새 파일	새 파일	다	로컬 전용 자동매매 CLI(lumina_local) — 앱 자동매매를 표준 라이브러리만으로 떼어 낸 별도 패키지. 실전 서버 주소(openapi 9443)와 KIS_PAPER=false 로 실주문이 가능한데 우리 실거래 관문(ADR-0001 live_trading_allowed)이 없다 · 3분 주기 · 왕복 비용 0.25% 가정
local-py/trade.py	5b40fbe	+15 −0	e815be3	로컬 자동매매 · 진입점	—	새 파일	새 파일	다	로컬 전용 자동매매 CLI(lumina_local) — 앱 자동매매를 표준 라이브러리만으로 떼어 낸 별도 패키지. 실전 서버 주소(openapi 9443)와 KIS_PAPER=false 로 실주문이 가능한데 우리 실거래 관문(ADR-0001 live_trading_allowed)이 없다 · 3분 주기 · 왕복 비용 0.25% 가정
shared-css/README.md	c63cc1a	+39 −0	e815be3	공통 CSS 안내	—	새 파일	새 파일	다	강사님 네 사이트(pr · fd · st · iv) 공통 CSS — 런타임 정본이 강사님 도메인(www.edumgt.co.kr)
shared-css/common.css	c63cc1a	+87 −0	e815be3	공통 CSS	이동원(주인 없는 화면 · 디자인 — 생각만 참고)	새 파일	새 파일	다	모든 footer 를 높이 25px · 한 줄 · 넘치면 잘림 · !important — 우리 푸터의 투자 권유 고지(「투자 자문이 아닌 정보 제공 목적입니다」)가 잘린다. h1 · h2 18px 고정 · 글자 18px 상한 · 한글 110% 스케일 · 글꼴은 jsdelivr
shared-css/deploy.sh	c63cc1a	+22 −0	e815be3	배포 스크립트(S3)	—	새 파일	새 파일	다	aws s3 cp 로 강사님 버킷에 올림 — AWS 제외 · 강사님 버킷
tests/test_aggressive_mode.py	995b9c7	+16 −2	e815be3	시험	강민석	기준과 같음(안 고침)	깨끗(우리 판 = 기준 → 강사님 판 그대로)	가	판단 불가 시험
tests/test_auto_status_batch_merge.py	995b9c7	+23 −0	e815be3	시험	강민석	기준과 같음(안 고침)	깨끗(우리 판 = 기준 → 강사님 판 그대로)	가	NONE 신호(데이터 없음)를 HOLD 와 가르는 시험
tests/test_company_fundamentals_resilience.py	c6e9c2f	+100 −0	e815be3	시험	이동원(주인 없는 화면)	새 파일	새 파일	가	재무 401 재발급 · 429 옛 자료 표시 · 가격만 · 502 를 내지 않음 · 나쁜 crumb 캐시 안 함
tests/test_formula.py	995b9c7	+45 −1	e815be3	시험	신장환 · 이동원(3차 Pine)	기준과 같음(안 고침)	깨끗(우리 판 = 기준 → 강사님 판 그대로)	가	Pine v6 시험 — 지금 우리 판 62줄의 「//@version=5」 단언이 v6 로 바뀐다
tests/test_kis_market_data.py	995b9c7 85c3444	+24 −1	e815be3	시험	이동원(시세 경로)	우리가 고침(이동원 281f5d1)	깨끗(3-way 충돌 0)	가	refresh(최근 20봉 합치기) 시험
tests/test_manual_kis_order.py	c6e9c2f	+153 −0	e815be3	시험	강민석	새 파일	새 파일	나	resolve_route 를 통째로 가짜로 바꿔 우리 사용자 키 경로를 보지 못한다 — 사용자 키 · 실거래 관문 경로 시험을 더해야
tests/test_sector_indicators.py	c6e9c2f	+81 −0	e815be3	시험	이동원(주인 없는 화면)	새 파일	새 파일	가	유니버스 · 섹터를 시험 안에서 갈아 끼운다 — 우리 값과 무관
tests/test_strategy_compare.py	0ca06dc	+104 −0	e815be3	시험	신장환 · 강민석	새 파일	새 파일	나	cost_bps 10 · slippage 5 를 단언 — 우리 비용 모델을 쓰게 하면 단언을 고쳐야
tests/test_strategy_xai.py	0ca06dc	+40 −0	e815be3	시험	신장환(XAI)	새 파일	새 파일	나	규칙 기반 XAI(explain_strategy) 시험 — SHAP 설명과 어느 쪽을 화면에 둘지 신장환 결정
todo.md	995b9c7 c6e9c2f 6e26041 85c3444 c63cc1a 5b0a768	+209 −0	e815be3	강사님 운영 문서	—	우리에게 없음	우리에게 없음	다	지난 반영들도 받지 않았다(댓글 13)
public/app.html	2970633 e54b0d0 d3206b8 0c55dbc a4be79a 26658e2 a55488d c0473f7 2fcdb83 e815be3 995b9c7 c6e9c2f 6e26041 0ca06dc 85c3444 c63cc1a 5b0a768	+261 −74	9478811	화면 전체(한 파일)	여럿	팀원 자동 서식 + 여럿이 고침(33커밋)	충돌 18(줄 단위 · 참고값) — 토큰 비교 대상	섞임 — 토큰 비교 대상	줄 단위 3-way 무의미(충돌 18 은 참고값). 공백 접은 토큰 비교 대상. 묶음: 라이브러리 두 줄(가) · 공통 CSS 링크(다) · rag 이름(다) · 「3분 자동매매」(다) · 지표 비교 30×30 · 섹터 카드(가 · 이동원) · 리밸런싱 계좌 선택(나 · 오준영) · 스크리닝 중지 · 상태(나 · 신장환) · 패턴 종목 검색 · 지지저항 안내(나 · 신장환) · 의사결정 계좌 · 로그 카드(나 · 강민석) · KIS 모의투자 거래 단추(나 · 강민석) · Pine v6 편집 · 문법 체크(가 · 이동원 · 신장환) · 멀티 전략 비교(나 · 신장환) · 푸터 교체(다 · 고지 삭제) · 대기 모달 · XAI 모달(가 · 나)
public/css/app.css	d3206b8 9600595 c6e9c2f 85c3444 c63cc1a 5b0a768	+61 −0	9478811	화면 · 스타일	이동원(공통)	우리가 고침(이동원 S83) + 팀원(오준영 3d6ddde)	충돌 1	가(주석 두 줄은 다)	충돌 1 은 파일 끝에 둘 다 덧붙인 것 — 둘 다 두면 된다. 대기 모달 · 모래시계 · XAI 모달 · 잠긴 단추. 바깥 공통 CSS 를 가리키는 주석 두 곳은 빼기
public/index.html	c63cc1a 5b0a768	+1 −0	9478811	화면 · 첫 화면	이동원(주인 없는 화면)	기준과 같음(안 고침)	깨끗(우리 판 = 기준 → 강사님 판 그대로)	다	바깥 공통 CSS 한 줄 — 우리가 안 고친 파일이라 충돌 없이 그대로 들어온다(값 변경)
public/js/agent.js	2fcdb83 5638a67 e815be3	+1 −1	9478811	화면 · 채팅	이동원(근거 RAG)	우리가 고침(이동원)	충돌 1	다	「Qwen」 · 「Qwen RAG」 이름 — 10-08 결정(채팅 llama3.1 · 「검색 결과 요약」) 유지
public/js/common.js	85c3444	+3 −1	9478811	화면 · 공통 API	이동원(공통)	우리가 고침(이동원 — 네트워크 오류 status 0)	충돌 1	가	fetch 취소(AbortController signal) · AbortError 는 그대로 던짐 — 우리 status 0 과 함께 둔다
public/js/company-indicator-help.js	c6e9c2f	+65 −0	9478811	화면 · 재무 용어 설명	이동원(용어사전 · 주인 없는 화면)	새 파일	새 파일	가(용어사전으로)	21개 용어 — 우리 용어사전(760개)에 12개 있음 · 매출 1개 근사 · 8개 없음(현재가 · BPS · 주당배당금 · ROA · 총자산 · 자기자본 · 부채총계 · 현금및현금성자산). 사전을 따로 두지 말고 terms.json 에 더해 termcard 로
public/js/company.js	0c55dbc 995b9c7 c6e9c2f	+335 −76	9478811	화면 · 기업 지표 세 화면	이동원(주인 없는 화면)	기준과 같음(안 고침)	깨끗(우리 판 = 기준 → 강사님 판 그대로)	가	지표 비교: 고정 CO_DATA → /api/stocks/fundamentals 30종목(AG Grid) · 섹터: /api/stocks/sectors. 30종목 재무 조회 = 야후 호출 30회
public/js/completion.js	995b9c7 c6e9c2f	+2 −2	9478811	화면 · 기능 완성도 배지	이동원(배지)	우리가 고침(이동원 491153f)	깨끗(3-way 충돌 0)	다	company-compare 45 → 90 · company-sector 42 → 86 — 강사님 판의 점수. 우리 배지는 점검표 TSV 가 정본이므로 우리 시험으로 다시 매긴다(충돌 없이 들어오는 값)
public/js/core.js	f250bda 2970633 a4be79a 9600595 c6e9c2f 0ca06dc	+11 −11	9478811	화면 · 메뉴 · 안내	이동원(메뉴 · 공통) · 강민석(testbed 메뉴)	우리가 고침(이동원 다수) + 팀원(강민석 fd13cb5)	충돌 5	나	충돌 5. 메뉴 셋 삭제(다 — 지킴이 TC-BM) · KIS 모의투자결과 추가(나 · 강민석 testbed 와 같은 자리) · 증권사 API · TradingView 연동을 시스템관리로(다 — 우리 메뉴 유지) · 「성과 검증」 → 「멀티 전략 비교」(나 · 신장환). 충돌 밖에서 조용히 들어오는 값: 용어 「기본 3분」 · quant-auto 안내 「3분 주기」(다 — 우리 600초)
public/js/dashboard.js	a4225b9 f250bda a4be79a c0473f7	+16 −6	9478811	화면 · 대시보드 KIS 패널	강민석(추정)	우리가 고침(이동원 S83 — 사용자 키 문구)	충돌 4	나	충돌 4. 배치 · 공격 모드 표시 · 주기를 서버 값으로 읽기(가 — 구조) · 기본 3분 · 50만 원 · 쿨다운 3분 · 일 300건 · Secrets Manager 문구(다 — 값)
public/js/formula-chart-help.js	6e26041	+35 −0	9478811	화면 · 산식 그래프 읽는 법	신장환(indicator-formula)	새 파일	새 파일	가	그래프 읽는 법 — 「매수 신호를 뜻하지 않는다」 문장 포함(투자 권유 아님을 밝힘)
public/js/formula.js	6e26041	+5 −0	9478811	화면 · 자유 산식	신장환	기준과 같음(안 고침)	깨끗(우리 판 = 기준 → 강사님 판 그대로)	가	위 도움말 호출 · 다시 계산 전 차트 비우기
public/js/indicator.js	995b9c7 c6e9c2f 0ca06dc	+354 −51	9478811	화면 · 기본 · 커스텀 인디케이터 · 성과 검증	신장환	우리가 고침(이동원 — 비용 모델 문구)	충돌 1	나	충돌 1(옛 Python 백테스트 상세 + 비용 모델 문구 ↔ 멀티 전략 비교). Pine v6 편집 · 문법 체크(pine-lint) · 수동 KIS 주문 단추 · 대기 모달
public/js/kis_monitor.js	2970633 a4be79a 26658e2 995b9c7	+272 −0	9478811	화면 · KIS 모의투자결과	강민석	새 파일	새 파일	나	서버(/api/quant/kis/monitor)는 10-08 받음 — 배치(서버 계좌) 중심 화면 · 문구 「3분」 · AG Grid 필요 · 60초 자동 새로고침. 메뉴 · main.js 자리가 강민석 testbed 와 겹친다
public/js/main.js	2970633 d3206b8	+4 −2	9478811	화면 · 화면 전환	이동원(공통) · 강민석 · 신장환	우리가 고침 + 팀원(강민석 fd13cb5 · d66a740)	충돌 2	나	충돌 2. 스크리닝 자동 실행 끔(renderScreenIdle — 신장환) · kis-monitor(강민석) ↔ 우리 testbed · 성과 지표 import
public/js/pine-lint.js	995b9c7	+88 −0	9478811	화면 · Pine v6 문법 점검	이동원(3차 Pine)	새 파일	새 파일	가	보수적 로컬 점검(TradingView 컴파일러를 대신하지 않는다고 스스로 밝힘) — v6 이전 안내 문서를 근거로 적음
public/js/rebalance.js	e54b0d0	+78 −15	9478811	화면 · 리밸런싱	오준영	팀원이 고침(오준영 7커밋)	충돌 5	나	충돌 5. KIS 계좌 소스 · 섹터 2단 목표 — 이미 담당 이슈(받지 않은 것 2절 · 서버 14곳과 한 묶음)
public/js/robo.js	d3206b8 0c55dbc c0473f7 995b9c7 85c3444	+519 −46	9478811	화면 · 로보(스크리닝 · 패턴 · 의사결정)	신장환 · 강민석	팀원이 고침(강민석 3커밋 · 자동 서식 섞임)	충돌 7(우리 판 자동 서식 — 토큰 비교 권장)	나	충돌 7 — 우리 판이 자동 서식이라 실제 겹침은 더 많다(토큰 비교 권장). 스크리닝 1종목씩 · 중지 · XAI 모달(신장환) · 패턴 차트를 Lightweight Charts 로(신장환) · 의사결정 근거 · NONE(강민석) · 「가상 계좌」 문구
public/js/vendor/ag-grid/LICENSE.txt	995b9c7	+21 −0	9478811	화면 · 표 라이브러리 사용 조건	이동원(3차 차트 · 표 라이브러리 RTM ⑦)	새 파일	새 파일	가(조건)	AG Grid Community MIT — 라이선스 파일을 함께 둔다
public/js/vendor/ag-grid/ag-grid-community-36.2.0.min.js	995b9c7	+14971 −0	9478811	화면 · 표 라이브러리	이동원(RTM ⑦)	새 파일	새 파일	가(조건)	AG Grid Community 36.2.0(MIT · 14,971줄) — 파일은 npm 원본에서 받아 해시를 대조(댓글 11 결정 · 강사님 사본을 그대로 복사하지 않음)
public/js/vendor/lightweight-charts/LICENSE	995b9c7	+201 −0	9478811	화면 · 차트 라이브러리 사용 조건	이동원(RTM ⑦)	새 파일	새 파일	가(조건)	Apache-2.0 전문
public/js/vendor/lightweight-charts/NOTICE	995b9c7	+2 −0	9478811	화면 · 차트 라이브러리 고지	이동원(RTM ⑦)	새 파일	새 파일	가(조건)	TradingView 저작권 고지 — Apache-2.0 4(d)에 따라 함께 배포 · 제작자 표시 켜 둠
public/js/vendor/lightweight-charts/lightweight-charts-5.2.1.min.js	995b9c7	+7 −0	9478811	화면 · 차트 라이브러리	이동원(RTM ⑦)	새 파일	새 파일	가(조건)	Lightweight Charts 5.2.1(Apache-2.0) — 패턴 차트가 쓴다. th24 는 5.0.9 · 파일은 npm 원본에서
public/login.html	c63cc1a 5b0a768	+1 −0	9478811	화면 · 로그인	이동원(주인 없는 화면)	우리가 고침(이동원)	깨끗(3-way 충돌 0)	다	바깥 공통 CSS 한 줄 — 충돌 없이 들어온다(값 변경)
public/register.html	c63cc1a 5b0a768	+1 −0	9478811	화면 · 가입	이동원(주인 없는 화면)	우리가 고침(이동원)	깨끗(3-way 충돌 0)	다	바깥 공통 CSS 한 줄 — 충돌 없이 들어온다(값 변경)
