묶음	파일	요구ID	확실도	무엇을_확인
TC-LT	tests/test_live_trading_guard.py	RFP2-4.2-①	🟢	실거래 승인 없이는 증권사 주문이 실계좌로 나가지 않는다(인수 시험 6건 포함)
TC-LT	tests/test_live_trading_guard.py	P02-⑤-1	🟢	모든 증권사 호출이 실거래 차단 지점을 지난다
TC-LT	tests/test_live_trading_guard.py	P01-④-3	🟡	모의 주문이 모의 경로로 처리된다 — 장부의 맞음은 TC-I14 가 본다
TC-YH	tests/test_no_yahoo_regression.py	RFP2-3.2-①	🟡	야후 참조가 기준선(9파일 71줄)보다 늘지 않는다 — 이용 조건을 지키는 출처만 늘린다
TC-YH	tests/test_no_yahoo_regression.py	P02-④-1	🟡	LEAN 의 야후 경로가 더 번지지 않게 막는다 — 같은 데이터 조건의 전제일 뿐 조건 자체는 재지 않는다
TC-DS	tests/test_discussion_scan.py	—	—	논의 답글까지 센다 — 프로젝트 운영 도구
TC-DU	tests/test_daily_update.py	P01-①-4	🟢	일일 갱신 러너의 새 자료 판정 · 잠금 · 예약 · 단계 판정
TC-DU	tests/test_daily_update.py	P01-①-2	🟡	수집 단계를 차례로 돌리고 실패를 가린다
TC-DU	tests/test_daily_update.py	P02-⑤-3	🟡	정한 일정에 돌고 로그 · 상태를 남긴다 — 수집기 작업이지 전략 실행이 아니다
TC-I14	tests/test_paper_ledger_i14.py	P01-④-3	🟢	자동 · 수동 주문이 한 장부를 쓰고 총자산 = 초기 현금 − 거래비용
TC-CE	tests/test_console_encoding.py	P01-①-4	🟡	사람이 돌리는 수집기 · 운영 명령 15곳이 사용자 셸(cp949)에서 죽지 않는다
TC-PC	tests/test_post_check.py	—	—	GitHub 글 올리기 전 검사 — 프로젝트 운영 도구
TC-A1	tests/test_quote_change_a1.py	P01-①-2	🟢	시세 조회 응답이 등락률을 채우고, 모르면 0 이 아니라 비운다
TC-CD	tests/test_collector_candles_df08.py	P01-①-2	🟢	국내 주식 일봉을 수집 DB 에서 기준일(as_of)과 함께 돌려준다
TC-CD	tests/test_collector_candles_df08.py	P02-④-1	🟡	앱과 백테스트가 같은 수집 DB 를 읽는 전제 — LEAN 은 아직 이 길을 쓰지 않는다
TC-CD	tests/test_collector_candles_df08.py	RFP2-3.2-③	🟡	골든 픽스처 — 같은 입력에 한 자리도 다르지 않은 출력
TC-SS	tests/test_schema_scan.py	RFP2-3.2-④	🟢	데이터 사전 · ERD 를 코드에서 다시 만들면 같다
TC-DF01	tests/test_preprocess_df01.py	P01-①-2	🟢	정지 뒤 감자 · 병합을 주식 수로 잡는 전처리
TC-DF01	tests/test_preprocess_df01.py	SCH-DQ	🟢	실제 수집 DB 전 종목에서 조정 누락 0곳 · 계수 범위 경고
TC-DF01	tests/test_preprocess_df01.py	RFP2-3.2-③	🟡	전처리를 두 번 돌려도 같다(멱등)
TC-DF16	tests/test_preprocess_cli_df16.py	P01-①-4	🟡	정기 배치 단계(전처리)를 사람이 돌릴 때 도움말이 쓰기를 시작하지 않는다
TC-AP	tests/test_api_scan.py	RFP2-3.2-④	🟢	API 명세서를 코드에서 다시 만들면 같다
TC-DF17	tests/test_route_cache_df17.py	P01-①-4	🟢	12:30 갱신이 일봉 · 지표 API 에 바로 보인다
TC-DF17	tests/test_route_cache_df17.py	P01-①-2	🟡	수집 DB 가 받는 요청은 라우트 캐시를 거치지 않는다
TC-RT	tests/test_rtm_scan.py	RFP2-3.2-④	🟢	요구사항 추적표를 대장 · 코드에서 다시 만들면 같다 · 문서화 문자열 속 낱말을 흔적으로 세지 않는다
