요구ID	계열	차수	이름	내용	유형	출처	우선순위	상태	검증방법	검사결과	관련요구	설계_추가	제안시험	비고
P01-①-1	B	2차	주식 · 금융 · 경제 기본 용어사전과 연관 개념 탐색	화면의 금융 용어를 누르면 서버가 뜻 · 쉬운 뜻 · 연관 용어를 돌려주고, 용어를 검색할 수 있다	FR	원문 P01 ① 세부 1	필수	확정	시험		P01-①-3 · P01-①-5		TC-GL	용어가 화면 코드 안 상수 51개 · 원문 구현방안은 domain-rag-lab · investment-analysis 통합
P01-①-2	B	2차	가격 · 거래량 · 재무 · 뉴스 등 투자 자료 수집 · 분류 · 전처리 · 검색	국내 상장 종목의 일별 가격 · 거래량을 매 거래일 수집 DB 에 적재하고, 앱은 그 값을 데이터 기준일(as_of)과 함께 돌려주며, 재무 · 뉴스는 출처와 함께 분류해 검색할 수 있다	DR	원문 P01 ① 세부 2 · rfp-2 §3.1.1	필수	확정	시험		P01-①-4 · P02-④-1 · SCH-DQ	수집기 README · 기능 설계서 3절 C1		재무는 야후 조회뿐 · 뉴스 분류 없음
P01-①-3	B	2차	근거 문서와 출처를 포함한 RAG 질의응답	질문의 답에 근거로 쓴 문서 조각의 제목 · 위치가 번호와 함께 붙고, 답 안의 [출처 n] 과 번호가 맞는다	FR	원문 P01 ① 세부 3	필수	확정	시험		P01-①-1		TC-RG	출처 칸이 늘 비어 있다 · 채점 항목인지 강사님께 여쭐 것
P01-①-4	B	2차	금융정보의 갱신일 · 문서 버전 · 캘린더 일정 관리와 정기 배치 실행	정기 배치가 매 거래일 한 번 돌고, 표마다 마지막 데이터 기준일 · 배치 결과 · 그날이 거래일인지를 API 와 화면으로 볼 수 있다	OR	원문 P01 ① 세부 4	필수	확정	시험		P01-①-2 · P02-⑤-3 · SCH-DQ	수집기 README 15절(일일 갱신)	TC-CAL	배치 상태가 명령줄에만 있다 · 거래일 달력 API 없음
P01-①-5	B	2차	XAI 로 투자 추천 이유를 쉬운 말로 설명	추천 · 신호마다 그렇게 판단한 근거(지표 값 · 규칙 · 기여도)를 한두 문장으로 보여 준다	FR	원문 P01 ① 세부 5	필수	확정	시연		P01-②-3 · P01-④-2 · P01-①-1		TC-XA	설명할 모델과 설명 층이 모두 없다
P01-②-1	B	2차	OHLCV 로 이동평균 · RSI · MACD · 볼린저 밴드 · 거래량 지표 계산	같은 OHLCV 에서 계산한 기본 지표 값이 TradingView 정의(RSI = Wilder 평활 · 표준편차 = 모집단)와 같다	FR	원문 P01 ② 세부 1	필수	확정	시험		P02-①-1 · P02-②-2	기능 설계서 3절 C2	TC-IN	강사님 원본과 같은 코드라 팀 작업으로 세지 않는다 · RSI 계산이 세 벌
P01-②-2	B	2차	캔들 패턴 · 지지선 · 저항선 · 돌파 · 골든크로스 등 차트 패턴 탐지	정한 패턴(골든크로스 · 신고가 돌파 · 캔들 5종 · 지지/저항)을 종목별로 탐지하고, 패턴이 나온 횟수와 그 뒤 5거래일 수익률 통계를 낸다	FR	원문 P01 ② 세부 2 · rfp-2 §3.1.2	필수	확정	분석 · 시험		P01-②-3 · RFP2-3.1.4-③		TC-PT	전략 안에 골든크로스 · 돌파 조건은 있으나 패턴을 종목별로 찾아 통계를 내는 탐지기는 없다 · rfp-2 §3.1.2 의 딥러닝 패턴 인식(CNN · LSTM)은 받는 요구가 없다
P01-②-3	B	2차	분봉 · 일봉 · 주봉 지표를 종합해 매수 · 매도 · 관망 신호와 신뢰도 산출	여러 주기의 지표를 합쳐 종목마다 매수 · 매도 · 관망 신호와 0~1 신뢰도를 매 거래일 한 번 계산해 기록한다	FR	원문 P01 ② 세부 3 · rfp-2 §3.1.2	필수	확정	시험		P01-④-2 · P01-①-5 · SCH-RT		TC-MT	분봉 출처가 없다(약관) · 3차 일정표 10-30 오후 「다중주기 신호」 도 이 요구가 받는다
P01-③-1	B	2차	월 · 분기 · 연 주기가 오면 실행하는 시간 기반 리밸런싱	정한 주기가 오면 목표 비중으로 되돌리는 주문 계획을 만들고, 계획 · 체결 · 비용을 이력으로 남긴다	FR	원문 P01 ③ 세부 1	필수	확정	시험		P01-③-2 · P01-③-3 · RFP2-3.1.3-④ · U5		TC-RB	목표 비중 칸 자체가 없다
P01-③-2	B	2차	목표 비중의 허용 이탈률을 넘으면 실행하는 이탈률 기반 리밸런싱	현재 비중이 목표 비중에서 허용 이탈률(예: 5%p)을 넘을 때만 리밸런싱 계획을 만든다	FR	원문 P01 ③ 세부 2	필수	확정	시험		P01-③-1 · U2		TC-RB	
P01-③-3	B	2차	입출금 · 배당금 현금흐름으로 실행하는 리밸런싱	입금 · 출금 · 배당이 생기면 파는 주문 없이 그 현금으로 목표에서 가장 모자란 자산부터 채우는 계획을 만든다	FR	원문 P01 ③ 세부 3	필수	확정	시험		P01-③-1		TC-RB	입출금 기록이 없다 · 배당은 수집 DB 에 있다
P01-④-1	B	2차	거래비용 · 슬리피지를 반영한 수익률 · MDD · 샤프 등 성과지표 분석	같은 백테스트의 수익률 · MDD · 샤프를 비용 반영 전과 후로 나란히 내고, 비용은 한 모델(수수료 · 매도세 · 슬리피지)에서 온다	FR	원문 P01 ④ 세부 1 · rfp-2 §3.1.1	필수	확정	시험		P02-④-2 · U3 · U9	기능 설계서 3절 C3 · C4	TC-CO	샤프 계산이 세 곳
P01-④-2	B	2차	퀀트 신호를 매수 · 매도 · 보유 의견으로 변환	신호 · 신뢰도 · 보유 여부의 조합마다 의견(매수 · 매도 · 보유)이 규칙 표 하나로 정해지고 이유와 함께 기록된다	FR	원문 P01 ④ 세부 2	필수	확정	시험		P01-②-3 · P01-①-5 · P01-④-3		TC-OP	
P01-④-3	B	2차	모의 주문 체결 및 포트폴리오 운용	모든 모의 주문(수동 · 자동)이 한 장부에서 현금 · 보유를 바꾸고, 체결가로 평가한 총자산이 초기 현금 − 거래비용과 같다	FR	원문 P01 ④ 세부 3	필수	확정	시험		P02-⑤-1 · P02-⑤-2 · RFP2-4.2-① · U10	ADR-0001 · 기능 설계서 3절 C5		체결가가 마지막 봉 종가다(다음 거래일 시가로 바꾸는 안 · 이슈 #35) · 매 거래일 일지 없음
P02-①-1	B	3차	OHLCV 로 이동평균 · RSI · MACD · 볼린저 밴드 등 기본 지표 계산	같은 OHLCV 에서 우리 지표 값과 LEAN 지표 값이 정한 오차 안에서 같다	FR	원문 P02 ① 세부 1	필수	확정	시험		P01-②-1 · P02-②-2 · U7	기능 설계서 3절 C2	TC-IN	
P02-①-2	B	3차	지표 조건을 조합해 매수 · 매도 · 손절 · 익절 · 포지션 크기 규칙 설계	조건 조합 · 손절 · 익절 · 포지션 크기를 규칙 명세(JSON) 하나로 적고, 백테스트 · Pine 생성 · 자동매매가 같은 명세를 읽는다	FR	원문 P02 ① 세부 2	필수	확정	시험		P02-③-1 · P02-⑤-2 · U6		TC-RL	청산 규칙 · 포지션 크기 없음 · 본보기는 강사님 th03 의 손절 · 익절(ATR×2 손절 · ATR×3 익절 · `strategy.exit` · 수수료 0.015% · 비중 20% — 강사님 자료 기능 대조 v0.1 3절)로 팀장이 가장 유익한 실습으로 꼽았다 · 3차 일정표 11-02 오전 「포지션 · 위험」 이 받는다
P02-①-3	B	3차	지표 기간 · 임계값 조합을 백테스트해 기준 전략 선정	미리 적은 조합표(상한 있음)만 백테스트하고 모든 시도를 기록한 뒤 기준 전략을 고른다	FR	원문 P02 ① 세부 3	필수	확정	분석 · 시험		P02-④-2 · SCH-ROB · U8	기능 설계서 3절 C4 · 결정 대장 D6 ⑤	TC-GS	3차 일정표 10-29 오후 「전략 최적화」 가 받는다
P02-②-1	B	3차	가격 · 거래량 · 변동성 지표를 결합 · 정규화한 커스텀 산식	여러 지표를 정규화(z점수 · 백분위)해 합친 커스텀 지표를 정의하고, 같은 입력에 같은 값을 낸다	FR	원문 P02 ② 세부 1	필수	확정	시험		P02-②-2 · P02-②-3 · U6		TC-IN	커스텀 경로가 비용 인자를 버린다
P02-②-2	B	3차	미래 데이터 참조를 막고 실시간 갱신 · 단위 테스트가 되는 지표 함수	지표 함수는 t 시점 값을 t 까지의 데이터로만 계산하고(뒤 데이터를 바꿔도 앞 값이 같다), 새 봉 하나로 이어서 갱신되며, 단위 시험이 붙어 있다	QR	원문 P02 ② 세부 2	필수	확정	시험		P02-①-1 · P02-②-1 · SCH-RT	기능 설계서 3절 C2	TC-LA	★ 3차 채점 항목 · 미래 참조 시험 0건
P02-②-3	B	3차	커스텀 지표를 API 로 제공하고 결과 · 버전을 저장해 재사용	커스텀 지표를 API 로 부를 수 있고, 산식이 바뀌면 새 판으로 저장되며 옛 판도 다시 계산할 수 있다	IR	원문 P02 ② 세부 3	필수	확정	시험		P02-②-1		TC-VR	버전 칸 없음
P02-③-1	B	3차	Pine Script 로 지표 · 전략을 구현하고 차트에 신호 · 보조선 표시	우리 규칙에서 만든 Pine 코드가 TradingView 에서 컴파일되고 strategy() 로 선언돼 Strategy Tester 가 켜진다	FR	원문 P02 ③ 세부 1	필수	확정	시연 · 시험		P02-①-2 · P02-③-2		TC-PN	생성 코드가 indicator() 이고 컴파일 오류가 난다(결함 DF-05 · DF-06)
P02-③-2	B	3차	Strategy Tester 로 1차 성과를 확인하고 LEAN 으로 교차 검증	같은 규칙 · 데이터 · 기간에서 Strategy Tester 와 LEAN 의 신호 날짜와 성과를 줄 단위로 대사해 차이를 설명한다	QR	원문 P02 ③ 세부 2	필수	확정	분석		P02-③-1 · P02-④-1 · P02-④-3		TC-XV	3차 일정표 11-03 오전 「Pine 교차검증」
P02-③-3	B	3차	조건 충족 시 알림 · Webhook 으로 투자 신호 전달	조건이 충족되면 정한 채널(텔레그램 등)로 알림이 한 번 가고 실패는 기록되며, 받는 Webhook 은 보낸 쪽 · 중복 · 지연을 검증한 뒤에만 받아들인다	IR	원문 P02 ③ 세부 3	필수	확정	시험		P02-⑤-3		TC-WH	받는 Webhook 은 약관 판단 전이라 설계만 · 3차 일정표 10-28 오후 · 11-03 오후 「알림 자동화」
P02-④-1	B	3차	같은 데이터 · 기간 · 수수료 조건으로 LEAN 백테스트	LEAN 백테스트가 수집 DB 의 같은 데이터 · 같은 기간 · 같은 비용 모델로 돌고, 그 조건이 결과에 기록된다	CO	원문 P02 ④ 세부 1	필수	확정	시험		P01-①-2 · P02-③-2 · P02-④-3 · U8	기능 설계서 3절 C1 · C3	TC-XV	★ 3차 채점 항목 · LEAN 은 아직 야후 데이터 · 비용 0 으로 돈다
P02-④-2	B	3차	누적수익률 · MDD · 샤프 · 승률 등 성과지표 분석	모든 엔진의 결과를 한 성과 정의(샤프 · 거래 단위 승률 · 손익비 · MDD)로 다시 계산한다	FR	원문 P02 ④ 세부 2 · rfp-2 §6.1	필수	확정	시험		P01-④-1 · P02-①-3 · U9	기능 설계서 3절 C4	TC-CO	승률 정의 두 벌 · 손익비 없음
P02-④-3	B	3차	TradingView 와 LEAN 결과를 비교해 신호 · 체결 · 성과 차이 검증	두 도구의 결과 차이를 신호 · 체결 · 비용 층으로 나눠 어디서 갈렸는지 보고한다	QR	원문 P02 ④ 세부 3	필수	확정	분석		P02-③-2 · P02-④-1		TC-XV	받는 API 가 없다 · 3차 일정표 11-04 오전 「백테스트 대사」
P02-⑤-1	B	3차	LEAN 투자 신호를 증권사 API 의 계좌 · 시세 · 주문과 연결	신호가 증권사 어댑터를 거쳐 모의 계좌의 조회 · 주문으로 이어지고, 모든 증권사 호출은 실거래 차단 지점을 지난다	IR	원문 P02 ⑤ 세부 1	필수	확정	시험		P01-④-3 · P02-⑤-2 · RFP2-4.2-① · SCH-ORD	ADR-0001		3차 일정표 10-30 오전 「증권사 연동」 · 11-05 오전 「모의증권 연동」
P02-⑤-2	B	3차	모의투자 주문과 중복 주문 방지 · 손실 한도 · 비상 정지	같은 신호가 두 번 와도 주문은 한 번 나가고, 손실 한도를 넘거나 정지 스위치가 켜지면 모든 주문 경로가 거부 사유를 남기고 멈춘다	QR	원문 P02 ⑤ 세부 2	필수	확정	시험		P02-⑤-1 · P01-④-3 · SCH-ORD · SCH-STR · U10	기능 설계서 3절 C6	TC-RK	★ 사고 방지 · 세 장치 모두 0 · 2차 일정표 10-14 오전 「모의투자」 도 손실 한도 · 비상 정지를 요구한다
P02-⑤-3	B	3차	LEAN 전략의 실행 일정 · 배포 · 로그 · 장애 알림 자동화	정한 일정에 작업이 돌고, 실패하면 알림이 한 건 가며, 실행마다 로그와 상태가 남는다	OR	원문 P02 ⑤ 세부 3	필수	확정	시험 · 시연		P01-①-4 · P02-③-3 · RFP2-4.2-②		TC-OPS	장애 알림 없음 · 지금 매일 도는 작업은 수집기이지 전략 실행이 아니다
U1	B	2차	투자성향진단	설문에 답하면 점수로 투자 성향(5단계)을 정하고, 그 성향이 목표 비중의 입력이 된다	FR	원문 P01 UI/UX 요소 1	필수	확정	시연		U2 · RFP2-3.1.3-① · P01-③-1	기능 설계서 7절		지금은 3택 선택 상자 · 2차 일정표 10-08 오후 「성향 · 자산배분」
U2	B	2차	시각적 포트폴리오	목표 비중과 현재 비중을 나란히 보여 주고 벗어난 정도를 표시한다	FR	원문 P01 UI/UX 요소 2	필수	확정	시연		P01-③-2 · U5	기능 설계서 7절		
U3	B	2차	시뮬레이션	과거 구간을 다시 뽑아 만든 수익 분포(구간 · 확률)를 보여 준다	FR	원문 P01 UI/UX 요소 3	필수	확정	시연 · 시험		P01-④-1 · U4 · SCH-STR	기능 설계서 7절 · 결정 대장 D4 ⑤		지금 화면의 예상 MDD 식이 틀렸다
U4	B	2차	목표 수익률 모의	목표 수익률 · 기간을 넣으면 달성 확률과 필요한 위험 수준을 분포로 보여 준다	FR	원문 P01 UI/UX 요소 4	필수	확정	시연		U3 · U1	기능 설계서 7절		지금 없음
U5	B	2차	리밸런싱	목표 · 현재 · 차이 · 다음 확인일 · 리밸런싱 이력을 한 화면에서 본다	FR	원문 P01 UI/UX 요소 5	필수	확정	시연		P01-③-1 · P01-③-2 · P01-③-3	기능 설계서 7절		지금 없음
U6	B	3차	전략 설정	조건 · 손절 · 익절 · 포지션 크기를 편집해 규칙 명세로 저장한다	FR	원문 P02 UI/UX 요소 1	필수	확정	시연		P02-①-2 · P02-②-1	기능 설계서 7절		
U7	B	3차	지표 차트	가격 차트 위에 지표와 매수 · 매도 신호를 그리고 데이터 기준일을 표시한다	FR	원문 P02 UI/UX 요소 2	필수	확정	시연		P02-①-1 · P01-②-1	기능 설계서 7절		차트 라이브러리는 TradingView Lightweight Charts(오픈소스 · Apache 2.0 · 화면에 TradingView 제작자 표시 의무 · npm `lightweight-charts` v5 · 강사님 th03 은 4.2.0)를 참고하자는 팀장 제안이 있다 — 지금 화면은 ApexCharts(RTM 7절 ⑦)
U8	B	3차	백테스트	백테스트 결과 옆에 데이터 · 기간 · 비용 조건과 시도 번호를 표시한다	FR	원문 P02 UI/UX 요소 3	필수	확정	시연		P02-①-3 · P02-④-1	기능 설계서 7절		
U9	B	3차	성과 대시보드	비용 전후 성과 · 벤치마크 비교 · 지표 정의를 한 화면에서 본다	FR	원문 P02 UI/UX 요소 4	필수	확정	시연		P01-④-1 · P02-④-2	기능 설계서 7절		지금 없음
U10	B	3차	자동매매 모니터링	사용자별로 오늘 주문 의향 · 체결 · 거부 사유를 보고, 정지 버튼으로 멈출 수 있다	FR	원문 P02 UI/UX 요소 5	필수	확정	시연		P02-⑤-1 · P02-⑤-2	기능 설계서 7절		
RFP2-3.1.3-①	A	2차	평균-분산 최적화 (Markowitz)	기대수익률 · 공분산으로 제약(합 1 · 공매도 없음 · 자산군 상하한)을 지키는 비중을 계산하고, 같은 입력에 같은 해를 낸다	FR	rfp-2 §3.1.3 · 원문 P01 ③ 머리글	필수	제안	시험		RFP2-3.1.3-② · RFP2-3.1.3-③ · U1 · U2		TC-AL	지금 「AI 자산배분」 은 위험 성향 3택 조회표다
RFP2-3.1.3-②	A	2차	리스크 패리티 · 최소분산 포트폴리오	자산별 위험 기여가 같은 비중과 분산이 가장 작은 비중을 공매도 없음 제약 아래 계산한다	FR	rfp-2 §3.1.3 · 원문 P01 ③ 머리글	필수	제안	시험		RFP2-3.1.3-①		TC-AL	
RFP2-3.1.3-③	A	2차	Black-Litterman (투자자 뷰 반영)	사용자가 적은 뷰(자산 A 가 B 보다 연 x% 낫다)를 시장 균형 비중에 반영하고, 뷰가 없으면 균형 비중과 같다	FR	rfp-2 §3.1.3 · 원문 P01 ③ 머리글	필수	제안	시험		RFP2-3.1.3-①		TC-AL	
RFP2-3.1.3-④	A	2차	동적 자산배분 (시장 국면에 따른 비중 재조정)	시장 국면(추세 × 변동성)이 바뀌면 그 국면의 목표 비중으로 리밸런싱 목표가 바뀌고, 국면 판정은 그날까지의 데이터만 쓴다	FR	rfp-2 §3.1.3 · 원문 P01 ③ 머리글	필수	제안	시험		P01-③-1		TC-RB	
RFP2-3.1.4-①	A	2차	팩터 기반 스크리닝 (가치 · 모멘텀 · 퀄리티 · 저변동성)	기준일마다 그날 상장된 종목만으로 팩터 점수를 계산해 종목을 고른다(생존편향 없음)	FR	rfp-2 §3.1.4 · 원문 P01 ③ 머리글	필수	제안	시험		RFP2-3.1.4-② · RFP2-3.1.4-④		TC-SC	재무 데이터가 없어 가격 팩터(모멘텀 · 저변동성)부터
RFP2-3.1.4-②	A	2차	재무제표 기반 필터링 (PER · PBR · ROE · 부채비율)	공시일 이후 값만 써서 PER · PBR · ROE · 부채비율 기준으로 종목을 거른다	FR	rfp-2 §3.1.4 · 원문 P01 ③ 머리글	필수	제안	시험		RFP2-3.1.4-① · P01-①-2		TC-SC	재무 출처가 야후 조회뿐 — 공시(DART)로 옮길지 데이터 파트가 정한다
RFP2-3.1.4-③	A	2차	기술적 스크리닝 (이동평균 정배열 · 52주 신고가 근접)	이동평균 정배열 · 52주 신고가 근접 조건으로 전 종목을 매 거래일 거른다	FR	rfp-2 §3.1.4 · 원문 P01 ③ 머리글	필수	제안	시험		P01-②-2		TC-PT	
RFP2-3.1.4-④	A	2차	스크리닝 결과 랭킹 (복합 점수)	팩터 점수를 미리 적어 둔 가중치로 합친 복합 점수로 종목 순위를 매긴다	FR	rfp-2 §3.1.4 · 원문 P01 ③ 머리글	필수	제안	시험		RFP2-3.1.4-①		TC-SC	화면의 「LightGBM」 은 이름뿐이고 계산은 합산 점수다
RFP2-3.2-①	A	공통	공개 데이터 사용	데이터는 공개 출처(KRX · 공공데이터포털 · DART 등)에서 이용 조건을 지켜 가져오고, 출처마다 판정을 남긴다	DR	rfp-2 §3.2	필수	확정	검사 · 시험	🟡 2026-09-29 — 수집 DB 는 공공데이터포털 · KRX · DART(수집기 README 약관 판정) · 야후 참조가 9파일 71줄 남았다(그중 1줄은 찾는 코드 · 시험 TC-YH 기준선)	P01-①-2 · P02-④-1	수집기 README		rfp-2 는 야후 · FinanceDataReader 를 예로 들지만 팀은 이용 조건 판정으로 뺐다
RFP2-3.2-②	A	공통	구현 언어 Python 3.10 이상	앱 · 수집기 · 스크립트가 Python 3.10 이상에서 돈다	CO	rfp-2 §3.2	필수	확정	검사	✅ 2026-09-29 — 개발 PC Python 3.12.13 · 앱 이미지 python:3.12-slim				
RFP2-3.2-③	A	공통	재현 가능성 (코드 · 랜덤 시드 고정 · 결과 재현)	같은 코드 · 같은 입력 · 같은 시드로 다시 돌리면 같은 결과가 나온다	QR	rfp-2 §3.2	필수	확정	시험		P02-①-3 · P02-④-1	기능 설계서 3절 C4		모델 학습의 시드 고정은 확인 전 · 수집 DB 는 백업 복구 리허설로 재현했다
RFP2-3.2-④	A	공통	문서화 (설계 문서 · 분석 보고서 · 코드 주석)	설계 문서 · 분석 보고서가 산출물목록에 있고, 문서의 표(데이터 사전 · API 명세)는 코드에서 다시 만들어 코드와 같다	QR	rfp-2 §3.2	필수	확정	검사 · 시험	🟡 2026-09-29 — 산출물 10구분에 없는 칸이 남았다(백테스트 보고서 · 코딩 표준 등 — 산출물목록 0절)		문서 작성 기준 v0.1 · 산출물목록		
RFP2-4.2-①	A	공통	실제 증권 계좌로 실거래 자동 주문을 하지 않는다	실거래 승인 설정이 없으면 모든 증권사 주문이 모의로 바뀌거나 막힌다	CO	rfp-2 §4.2 제외 범위	필수	확정	시험		P02-⑤-1 · P01-④-3 · RFP2-4.2-③	ADR-0001		
RFP2-4.2-②	A	공통	상용 서비스로 배포 · 운영하지 않는다	상용 배포 · 운영 설정을 두지 않고 로컬 · 시연 환경만 쓴다	CO	rfp-2 §4.2 제외 범위	필수	확정	검사	✅ 2026-09-29 — 배포 설정은 로컬 도커 compose 뿐이다 · AWS 는 보류(결정 대장 D2)	P02-⑤-3	결정 대장 D2		강사님 일정표에는 AWS 배포 칸이 있다(10-19 오후 · 11-10 오후) — 시연용 배포와 상용 운영은 다르다
RFP2-4.2-③	A	공통	타인 자산 운용 서비스를 제공하지 않는다	사용자의 돈을 맡아 운용하거나 남의 계좌로 주문하는 기능이 없다	CO	rfp-2 §4.2 제외 범위	필수	확정	검사	✅ 2026-09-29 — 모의 장부만 있고 실주문은 실거래 차단 지점이 막는다	RFP2-4.2-①	ADR-0001		
SCH-STR	C	2차	스트레스 검증 (급락 · 금리 · 환율 시나리오)	급락 · 금리 · 환율 시나리오를 넣으면 포트폴리오 손실과 손실 한도에 닿는지를 계산해 보고한다	FR	일정표 2차 10-15 오후 「스트레스 검증」	미정	제안	분석		U3 · P02-⑤-2 · RFP2-3.1.3-①			
SCH-DQ	C	공통	데이터 품질 (결측 · 중복 · 정합성)	시세 데이터의 결측 · 중복 · 정합성 검사를 갱신마다 돌리고, 결과를 품질 현황 화면에서 본다	DR	일정표 3차 11-02 오후 「데이터 품질」 · 2차 10-07 오전 「결측 · 이상치 규칙」	미정	제안	시험 · 분석		P01-①-2 · P01-①-4	수집기 README(벤치마크 검증 게이트)		검사는 이미 돈다(수정주가 검사 · 검증 게이트 6개) · 화면이 없다
SCH-ROB	C	3차	강건성 검증 (아웃오브샘플 · 워크포워드 · 민감도 · 몬테카를로)	고른 전략을 아웃오브샘플 · 워크포워드 · 민감도 · 몬테카를로로 다시 재고, 성과가 유지되는지 보고한다	QR	일정표 3차 11-04 오후 「강건성 검증」 · 10-29 오후 「전략 최적화」	미정	제안	분석		P02-①-3 · P02-④-2 · U3	결정 대장 D4 ⑤ · D6 ⑤		
SCH-ORD	C	3차	주문 정정 · 취소 흐름 (모의)	모의 계좌에 낸 주문을 체결 전에 정정 · 취소할 수 있고, 단계마다 장부와 감사 기록에 남는다	FR	일정표 3차 11-05 오전 「모의증권 연동」	미정	제안	시험		P02-⑤-1 · P02-⑤-2			주문 승인(1회 승인 · 한도)은 P02-⑤-2 가 받는다
SCH-RT	C	3차	실시간 엔진 (장중 지표 · 신호 갱신)	장중에 새 시세가 오면 정한 지연 안에 지표 · 신호를 다시 계산해 화면에 보여 준다	PR	일정표 3차 11-05 오후 「실시간 엔진」	미정	제안	시험 · 분석		P02-②-2 · P02-⑤-3 · P01-②-3			논의 D7 ④(신호는 매 거래일 한 번)와 부딪힌다 · 장중 시세 · 분봉 출처가 먼저다
