old_commit	new_commit
005ad7dd263dad7ba940f6124e56ade6437822c1	2e2d3f8145fb1f0e10187966b6d2463c4c570857
03b5412f6685b6c850c79324c58d35b1f06b2d47	88e00b32baaa11dbc400a2e176c2f69249cc8e57
0efdad90bcd69909e8ee6282b05be25df79458e8	11d6562fafaca9d5b853b4529dfc288a8917ab3a
102bc12c97029ae935c5ac776c4f5e257cf37493	5540707712726dd5348f3633741429e92333a74d
10a69ef5033ae9ced50b7810457ea1b18190453d	3b63b64ba1071e4aebfd648bc6b4c4fb53308a23
1677dc9850d0530c37da0aeb07f7dc7884724482	9a3d32017d8036f4cd9d78ec5c74e66fdf839fa7
1982a6e60927deea2c6364a6c4d5dabe8e1c9cfa	dd673f9543e5669837a0e79f15f2c10adba5d25a
1c850e526087bb73df77e17a9b05b1117bc19912	445bede97c0b3597244449585bc73a714c93c3ff
26f9f7d37a774bbdc6ed081289dd57b208d57af8	3b12100a33798c038b7ef3ed52406867efe7bacc
2b22703f48d56bd87dc0c8f20a90a0478fd06805	c43c66bdfca710da4130ed3f022f7be62bf52a8c
2bcee51f490442b71938a9c09cb6941d54df2b6b	0a1437643f4def773a4d4d96da6c78c01bfbf62d
319765f5e2702c8104c7d909dc3bb3595829bf3c	edb785db276952df4ccb2d23bd47c8f7333db7c3
336b29435b15a80eb771aa6613e516b1389ddd25	c20043a5a9b48e74bbae3493bd50e4f8138be76f
38668d06c907b0bf8866f80e93d306e99a46f80b	61e5bc7d345e09c7c62c88bc7fb6cff2cc5540f3
4089eb90fa287ca1feb1b8c4d3d03546ed3fbedb	e591b3ad0a5f06dbc9923caa61658699cb7495f9
41133305c81b18c64b5f4a13a3b7d6a0a26345af	53ebe38e6bfa3ead4c1ea9b62f15596d7deb8586
41bd81471b7691623ebcc522af1ef4d3c3a28c87	3af94bd134ca459f5078e80f5eb85ced562fb824
429bd809faa6471b47b4f9a685e362ea31e77e29	4ff1ea77fcfb207c2e8566df02d4fdb7ad56309b
49d815900195c18cdffa92fc30584776dd7e634f	2e3ccccda2c4c6302f3ce91b5c374f46c03434b4
536a57a2ffee3718e1f687f088e795c76160a672	2498069c6dbf477f06bbba41f5930f673bea8936
579a94be1ab9af21ec5b814dca0ded4692d828c4	5f22f706ef74bb1dca47224d1b27d2ad732417ce
58062844f2b135790c5c96bab9306abba7c65e9e	f36e7a21bf984d95b6592fac48a2ffbb90b491a7
5a17ed84a0c5b2714cc0f26566476c57935fc1d3	ed622278f4b155409e0f62741dea5f757143b30f
5afc2d1c3420f8b7b4455a76e88f7a46f0ce8c88	a32b085072ba4f0582fc45144f7067b6e9d8f3ca
5b17e8aea763d49bf1e841cd29ceedcb5f3cf7e0	ff73b140d443787e95329fb0d83cb41d4e0df30a
5fadccc3a27411a3cd5e0018631c2bdfaeaf1c23	053673677938c3a88ea5a16977e41eef7cfcbcb2
6363a0ab90506ba44fc9abb20899d05155c5635f	8cd206c74d9d15dd552598c087404e7e15fc9e6a
63c19863b6485bf508e11f88a04cbd22c5bd7564	4fb735bbf79012950bf02f9f1c8bd5edd057c3fb
675d3145478c41f862de596ce280037e873ea616	7384a740d6f6e4f511a58c0da7e8159958b5b26c
676fa05e4db5d42aaa0605f95743bfb6b0cdfe25	f09f6c1a0dcc1253799289d413b9f0a09ae53443
722cdb4793b0cc8762b56b6c21c4945a17ae1c32	290f065040f136f48a0b8a3e446a4480601337de
764782dc4ac1cfa3414f6ef22c849e38d2c349cf	32016405f593180ba151def4e3ae205c4f28ef80
7bbde140189ab318a98a3c074a27ce351ea99ff2	76202d70514971f0215c98d5d46c54b678e0a179
8431325dbfd18cc60a9e673d6cf780e2fe19a5e7	474c911d6e7f44a4645d8b21a0f9a2d72ea57e73
85e9a5f36f6c772dd90993c1ac440cb66fd53842	d1e2536089abcd4cf202ea20912b488da64c3b6a
8678712126c6d1d74c234a0b43cc41fc66dca6f3	684faad36b379359c7ad620a39a3c1d1091777ac
8cd816146cf3002ec16973a0aa764852d0e65c96	f3ed4559b87b72a3546866ba65015b0614e2d84f
8e0d02e278905dea1d0f5f781fd3dc4beb8e9b0d	d86a44bb8e8c59ea4a3a01caaa4d5b2d7097cfa4
9305f2bb5067c482b52f1ab33262c32b862d02a0	799d2f7daebadcb8c24ecbf3c7b915ff8e619a52
97df8db0bb82d33451a87de2553db058e2fc386a	2f374e906155739be446c4fe61e65fc45b29b246
9a587f61c52f9f176ed87cfa9524976d5263bebd	c1e183e025042fd5f16d218bce6c0fea2ae4eb25
9ba97e62bb16eb2147c30df49071383e5ae509bc	6ec7e02c82ced811c7e2ecf280d8d5ca4d93e499
9f726388e841831ec177e42f800a8c133bb2a4d6	6618f6dcb80eabafd90b711683c31fb2d6a3ac55
9fed0144c10081d65be70b5beb5bf7bff40e7a2a	b573c20162f18c722a6edde7312bf3fe9f946fbf
a069fa0b7262414d39509ee6f13ec2559a9af085	3b98645c65a927b206a8ee5d40a98e1f516d8d3a
a220343aaed56599526aad221695f7973123cc2b	74dbb347fe3ef9daebfb39609e197e899d1639db
a676a46f931a21385d42c9874ff81ad60ed81d4b	1e8607490e3cc7ca989398d06c0e3681597c9f66
aa1871f4614810c33499263ede7df23b432ee500	6a8e8e7a89c7f54d38577d7f7e05d46a0b473204
ae501e17f2352e93259c3d5a28ee7083928fb12c	ed0abb47018027c557e9f04ba2ef74b31fced677
aec998b4c2679e7ad1d47e67ca46456c7984cfbe	1262fdb293430aa69d399a06c0ec0e7a886b3573
b07233ce11a10cda0812a04af7945c7bab59ca04	06034223325c28a51666532e6f7c19cd16f2c8c5
b157708fb68fc284e2bd0457a912ad9f1c70558f	32c44a6ca3755ade596842e0e32758e66e53eca0
b26f04aa316aa4e2ea85b6ad1a0d71e0596f655c	6aa54d89ee4ac258f1a1b0f5aaa5b125c893ffd0
b41fda12f4b6ef227d50ffbe407c85b286c9ecf7	04f476a7558086d2c02d81b91325d52cd541d2fc
b5691cb6723dac2c1c86427494be4c1ad1d41b37	df97e4e6ff593a1b56afd0d7958e520609a90145
b861859e83dcba9d74ddfca8d66ac7b4954c7346	233d8f3351d1b0199025d616a3a2e3040b7bf361
c247c63b18c62d0fa6458191a7dd9c7140d5d9ca	3ab6f872d5597c69a64de546e9af6298f97391ca
c6d438d4dd7fa6e2b6173d6e9a4fa61a5d3da7b6	4d0f9796986b54a975a29553d757096059ac59d9
c76ae6087215e0ca1221c92830232d530d33f16f	657edf85815db385cdaad70751e652b4cff8f370
c8a5a838663cf32cef0023ed7deb665968a46641	298ae90aa0b3163aafbd1af6d9316902e5421e06
c8ebb394818f67adba57228521e668b2e56a2a11	afc1fffe0e59c5eea10e39c306d1a8bf0869476a
cc32983908c0d7af45130e2cde262e616713bb7e	3b597af7c791ba56c2cd2e54196ab6150ff226fd
cdd3b5a1dd2e514f21d8ee41d8f68c5fde2e9379	b582c11aa5fb8aecb3a044714cb5bbbb956d9ec9
d660e56ca9ecc1761bf6e23adb83820d7cc17430	cc944e4616e8e4a2865b6f357377834bc577ae32
dc617ef9a8fb7b5b6828706fa9f53a4a63d69d39	b1d7b1432e397af423afabcec01d2359f55dad35
e1c61dd1d31af689c18ab5c8eef92b1f97eb30f1	1f17586e938b27a10dbd5d2063f3dcbe98b99b8c
e747437af596dca32bd1dcbbf01d268a751af86e	d12e3ce59a9bee368f9955a8048bdbcc16152761
e9e30f7d662cf4f0abbdbe45d702742c9c168fa9	d115a4fdece583275748a22cba470eed9b857d47
eced85ad45fdacb2de425ace0ea3ad4d808601ea	a7b82cd0f5707dad9726ff20f0da8a901ee80561
edb60d100bf368c139d96660305e97cdce0db4b1	e82c736db52734c57823929dae2e4a27f46b0599
ef40a1530761d5474e131d18a1bf8e81b6f2fdbe	d806a24e4292609daa5a0d49ad2e5939ff19919b
f42d944dca6bf252a1900dd8f447504144a89cac	fe2f9e3eeaf0855a09bc07ccc5f110a6040decec
f51cc9459cb391d17ed27f892866271f6e763725	1b1c82bc1db92a5fdecca0b85aed0434f9a27fe7
fcf9362bdfcf67201a6333467d111648d117261e	7174f0a8afeb2990e7b29636ce905958fe052bb5
fd0ab0187112f9e6ddd48e82d1d7dabc0af61f88	776a4db3a80e79c43d98b592c39292764a248493
