자료	묶음	쉬운이름	한줄	범위	갱신	출처	모으는법	다듬기	쓰는곳	쓰지말곳	화면	읽는길	이용조건	숫자주의	바둑판	개발_표	개발_키	개발_읽는길	개발_백업	개발_명령	숫자_상태	숫자_백업
stock-day	시세	주식 일봉	국내 상장 주식의 하루 시세 — 원 가격	코스피 · 코스닥 · 코넥스 — 상장폐지 종목까지	매일 · 하루 늦게	fsc	하루 한 번 부르면 그날 전 종목이 온다 · 매일 낮 수집이 최근 14일 가운데 빈 거래일을 채운다	받은 그대로 둔다 — 분할 · 병합을 이은 값은 수정주가에 있다	주가 차트의 거래량 · 리밸런싱 체결 가격 · 수정주가 · 총수익 지수 · 비교 지수의 재료	분할 앞뒤를 이어 수익률을 셀 때는 수정주가를 쓴다	trading-chart · robo-rebalance				주식 일봉	price_daily	bas_dt + srtn_cd	API-DATA-02 GET /api/data/ohlcv?basis=raw · API-DATA-01 GET /api/data/status	krx-daily-market price_daily/year=YYYY · krx-ohlcv ohlcv/timeframe=1d/basis=raw	python -m collector.backfill backfill --from YYYY-MM-DD --to YYYY-MM-DD	price_daily	ohlcv:1d/raw/KOSPI+KOSDAQ+KONEX
etf-day	시세	ETF 일봉	상장 ETF 의 하루 시세 — 순자산가치 · 기초지수까지	상장 ETF 전부	매일 · 하루 늦게	fsc	매일 낮 수집의 일봉 단계가 최근 14일 가운데 빈 날을 받는다	받은 그대로 둔다	ETF 탐색표의 기간 수익률 · 금리 강의 그림 · 리밸런싱 체결 가격	분배금을 넣은 수익률이 아니다 — 가격만의 수익률이다	fin-topic-funds · fin-topic-bonds · robo-rebalance				ETF 일봉	etf_daily	bas_dt + srtn_cd	API-DATA-02 GET /api/data/ohlcv?symbol=6자리&basis=raw · API-LEC-06 GET /api/lectures/market/period-return	krx-daily-market etf_daily/year=YYYY · krx-ohlcv ohlcv/timeframe=1d/basis=raw/market=ETF	python scripts/daily_update.py run --only ohlcv	etf_daily	ohlcv:1d/raw/ETF
index-day	시세	지수 일봉	코스피 · 코스닥 · KRX · 테마 지수의 하루 값	지수 시리즈 넷 — 이름이 같은 지수가 시리즈마다 따로 있다	매일 · 하루 늦게	fsc	매일 낮 수집의 일봉 단계가 최근 14일 가운데 빈 날을 받는다	받은 그대로 둔다	펀드 · 자산배분 강의의 코스피 · 코스피 200 그림	비교 지수(자체 계산)와 다르다 — 이쪽이 거래소가 낸 값이다	fin-topic-funds · fin-topic-allocation				지수 일봉	index_daily	bas_dt + idx_csf + idx_nm	API-DATA-02 GET /api/data/ohlcv?symbol=KOSPI:코스피 200 · API-LEC-01 GET /api/lectures/market/kospi-history · API-LEC-03 GET /api/lectures/market/kospi200-history	krx-daily-market index_daily/year=YYYY · krx-ohlcv ohlcv/timeframe=1d/basis=raw/market=INDEX	python scripts/daily_update.py run --only ohlcv	index_daily	ohlcv:1d/raw/INDEX
adjusted	계산	수정주가	분할 · 병합 · 권리락을 이어 붙인 가격	주식 일봉의 모든 종목 · 가장 최근 날 = 1	새 시세가 온 날	ours · fsc	주식 일봉과 가격 조정 기록에서 계산한다 — 새 시세가 없으면 건너뛴다	종목마다 지우고 다시 만든다 — 가장 최근 날의 계수가 1 이라 마지막 값은 원 가격과 같다	주가 차트 · 인디케이터 · 전략 분석 · 차트 패턴의 가격	배당은 넣지 않았다 — 배당까지 넣은 성과는 총수익 지수를 쓴다	trading-chart · indicator-strategy · quant-backtest · robo-patterns		우리 계산			price_adjusted	bas_dt + srtn_cd	API-STK-03 GET /api/stocks/candles · API-STK-04 GET /api/stocks/quant/indicators · API-DATA-02 GET /api/data/ohlcv?basis=adj_base	krx-daily-market price_adjusted/year=YYYY · krx-ohlcv ohlcv/timeframe=1d/basis=adj_base	python scripts/daily_update.py run --only adjusted	price_adjusted	ohlcv:1d/adj_base
total-return	계산	총수익 지수	배당을 다시 투자했을 때의 성과 — 세전 · 세후	주식 일봉의 모든 종목 · 종목마다 첫 거래일 = 1	새 시세가 온 날	ours · fsc · dart	수정주가와 배당 공시에서 계산한다 — 세후는 배당소득세 15.4% 를 뗀 값이다	종목마다 지우고 다시 만든다	전략 시험의 배당 포함 성과 · 비교 지수의 재료	수정주가와 기준이 반대다(여기는 첫날 = 1) — 두 값을 그대로 나누지 않는다		백업 파일	우리 계산			price_total_return	bas_dt + srtn_cd	앱 API 없음 — 백업 파일로 읽는다 · API-DATA-01 GET /api/data/status 는 기준일 · 줄 수만	krx-daily-market price_total_return/year=YYYY	python -m collector.total_return build	price_total_return	hf:price_total_return
benchmark	계산	비교 지수(자체 계산)	시장 전체를 우리 자료로 다시 계산한 비교 기준	시장 셋(코스피 · 코스닥 · 코넥스) × 계산 넷(가격 · 총수익 · 세후 총수익 · 같은 비중)	새 시세가 온 날	ours · fsc	수정주가 · 총수익 지수에서 다시 계산한다	시장 · 계산마다 지우고 다시 만든다	전략 성과를 견줄 기준	거래소 공식 지수가 아니다 — 견줄 때는 「자체 계산」 을 함께 적는다		백업 파일	우리 계산			benchmark_index	bas_dt + mrkt_ctg + variant	앱 API 없음 — 백업 파일로 읽는다	krx-daily-market benchmark_index	python -m collector.benchmark build	benchmark_index	
price-break	계산	가격 조정 기록	분할 · 권리락으로 가격이 끊긴 날과 그 비율	액면분할 · 병합 · 권리락 · 주식 수로 조정한 날 · 사람이 볼 날	새 시세가 온 날	ours · fsc	주식 일봉의 전일 대비와 상장 주식 수에서 찾는다	수정주가를 만들 때 종목마다 함께 다시 만든다	수정주가의 재료 · 가격이 왜 끊겼는지 확인	「사람이 볼 날」 은 두 신호가 어긋나 자동으로 판단하지 않은 날이다		백업 파일	우리 계산			corporate_action	bas_dt + srtn_cd	앱 API 없음 — 백업 파일로 읽는다	krx-daily-market corporate_action	python scripts/daily_update.py run --only adjusted		hf:corporate_action
weekly	계산	주봉	한 주를 한 봉으로 묶은 시세	주식 · ETF · 지수 — 날짜는 그 주의 마지막 거래일	부를 때 일봉에서 계산	ours · fsc	일봉을 주마다 묶는다 — 시가 · 고가 · 저가는 거래가 있던 날로만 셈한다	따로 쌓지 않는다 — 진행 중인 주는 그 주의 마지막 거래일까지	차트 패턴의 여러 주기 판단	진행 중인 주의 봉은 그 주가 끝나면 바뀐다	robo-patterns		우리 계산	줄 수는 백업 파일 기준이다 — 주식은 원 가격 · 수정 가격 두 벌을 함께 센다			symbol + timeframe + price_basis + trade_date	API-DATA-02 GET /api/data/ohlcv?timeframe=1w	krx-ohlcv ohlcv/timeframe=1w			ohlcv:1w
bar-60m	분봉	60분봉	장 중 한 시간 단위 시세	분봉 대상 종목 · 09:00 ~ 15:00	매일 · 최근 5일을 다시 받아 덮는다	yahoo	매일 낮 수집의 일봉 단계가 분봉 대상 종목의 최근 5일을 다시 받는다 — 장 중에 받은 마지막 봉을 완성값으로 덮는다	분할 비율로 고친 값이다	차트 패턴의 여러 주기 판단 · 다중 주기 신호	15:00 ~ 15:30 종가 단일가가 없다 — 분봉을 더해 일봉을 만들지 않는다	robo-patterns				60분봉	price_intraday	symbol + timeframe + bar_start	API-DATA-02 GET /api/data/ohlcv?timeframe=60m · API-STK-35 GET /api/stocks/mtf-signal	krx-daily-market price_intraday/year=YYYY · krx-ohlcv ohlcv/timeframe=60m	python scripts/daily_update.py run --only ohlcv	intraday_60m	ohlcv:60m
bar-5m	분봉	5분봉	장 중 5분 단위 시세	분봉 대상 종목 · 09:00 ~ 15:00	매일 · 최근 5일을 다시 받아 덮는다	yahoo	매일 낮 수집의 일봉 단계가 분봉 대상 종목의 최근 5일을 다시 받는다	분할 비율로 고친 값이다	분 단위 분석	출처가 60거래일이 지난 5분봉을 다시 주지 않아, 받기 시작한 날 앞은 없다 — 지우면 되찾을 수 없다		백업 파일				price_intraday	symbol + timeframe + bar_start	API-DATA-02 GET /api/data/ohlcv?timeframe=5m	krx-daily-market price_intraday/year=YYYY · krx-ohlcv ohlcv/timeframe=5m	python scripts/daily_update.py run --only ohlcv	intraday_5m	ohlcv:5m
bar-universe	분봉	분봉 대상 종목	분봉을 받는 종목 명단	판마다 400개 안팎 — 시가총액 · 거래대금 순위 또는 지수 구성 종목	명단을 고칠 때	krx · ours	거래소 정보데이터시스템의 지수 구성 종목 파일을 사람이 받아 판으로 남긴다	판마다 고른 까닭을 함께 남긴다	분봉 · 다중 주기 신호의 대상 종목	판이 바뀌면 그 앞의 분봉은 옛 명단의 종목이다		백업 파일	사람이 받은 파일			intraday_universe	version + symbol	앱 API 없음 — 백업 파일 krx-ohlcv meta/universe.csv	krx-daily-market intraday_universe · krx-ohlcv meta/universe.csv			hf:intraday_universe
payout	공시 · 재무	배당 공시	배당 기준일 · 1주당 배당금	현금 · 현물 배당 결정 공시	매일 · 최근 두 달을 다시 훑는다	dart	배당 결정 공시의 본문을 읽는다 — 정정 공시가 오면 나중 것이 덮는다	배당락일은 거래일 달력으로 다시 계산한다	일정의 배당 기준일 · 배당락일 · 총수익 지수의 재료 · 공시 찾기의 배당 요약	기준일은 공시에 적힌 날이다 — 배당락일과 다르다	market-calendar · agent-news					dividend	srtn_cd + record_dt	API-CAL-02 GET /api/calendar/events · API-DATA-03 GET /api/data/search	krx-daily-market dividend	python -m collector.dividend scan --recent 2	dividend	
filings	공시 · 재무	공시 목록	상장사 공시의 제목 · 유형 · 접수일	유가증권 · 코스닥 · 코넥스 상장사 · 공시 유형 열 가지	매일 · 최근 사흘	dart	최근 사흘을 공시 유형 × 시장마다 다시 받는다 · 과거분은 석 달씩 한 번 받았다	정정 · 철회 표시는 받은 날의 상태다	투자 정보 리서치의 공시 찾기 · 일정의 실적 발표	공시 본문은 들어 있지 않다 — 제목 · 유형 · 접수일 · 원문 링크까지	agent-news · market-calendar				공시 목록	disclosure	rcept_no	API-DATA-03 GET /api/data/search?kind=disclosure	krx-daily-market disclosure/year=YYYY · dart-disclosure-financials disclosure/rcept_YYYY	python -m collector.disclosure backfill --from YYYY-MM-DD --to YYYY-MM-DD	disclosure	hf:disclosure
fin-main	공시 · 재무	재무 주요 항목	매출 · 이익 · 자산 같은 주요 계정 — 정정된 판까지	상장사 · 정기보고서와 정정본마다 한 판	매일 · 새 정기보고서 · 정정본	dart	최근 열흘 공시 목록의 정기보고서 · 정정본 가운데 값이 없는 것만 받는다	옛 판을 지우지 않고 판마다 쌓는다 — 출처는 최신 정정본만 다시 주므로 옛 판은 여기에만 있다	투자 정보 리서치의 정기보고서 요약 숫자	지난날을 시험할 때는 그날까지 접수된 판만 쓴다 — 뒤에 나온 정정을 앞날에 쓰지 않는다	agent-news			연도별은 보고서를 접수한 해로 센다	재무 주요 항목	financial_statement	corp_code + bsns_year + reprt_code + fs_div + sj_div + ord + account_nm + rcept_no	API-DATA-04 GET /api/data/financials?pit=strict · API-DATA-03 GET /api/data/search	krx-daily-market financial_statement/year=YYYY · dart-disclosure-financials known_YYYY	python -m collector.financials backfill --from-year YYYY --to-year YYYY	financial_statement	hf:financial_statement
corp-dates	공시 · 재무	주주총회 · 배당금 지급 일정	공시 본문에서 읽은 회의일 · 지급 예정일	주주총회 소집 결의 · 배당 결정 공시	매일 · 최근 60일 공시	dart	공시 본문(받은 원문)의 날짜 칸을 읽는다	받은 원문에서 언제든 다시 만든다	일정의 주주총회 · 배당금 지급	공시에 날짜가 비어 있으면 일정이 없다	market-calendar					corp_schedule	rcept_no + kind	API-CAL-02 GET /api/calendar/events?kind=agm,dividend_pay	백업하지 않는다 — 백업된 받은 원문(raw_response 의 dart agm/ · dividend/)에서 다시 만든다	python -m collector.corp_schedule build --rebuild		
holidays	일정	공휴일	나라가 정한 공휴일 · 대체공휴일	2020 년부터 내년까지	매일 · 올해와 내년	kasi	특일 정보를 해마다 받는다 — 0건이 온 해는 지우지 않는다	받은 그대로 둔다	거래일 달력의 재료	거래소 휴장일과 같지 않다 — 근로자의 날 · 연말 휴장은 거래일 달력이 더한다		거래일 달력으로				holiday_kasi	locdate + date_name	앱 API 없음 — 거래일 달력(API-CAL-01)으로 읽는다	백업하지 않는다 — 언제든 다시 받는다	python -m collector.market_calendar build		
trade-days	일정	거래일 달력	휴장일과 앞날의 거래일	2020-01-01 부터 내년 말까지	매일 다시 만든다	kasi · ours	공휴일과 거래소 규칙(근로자의 날 · 연말 휴장)으로 만들고, 지난날은 시세로 확인한다	통째로 지우고 다시 만든다	일정 · 데이터 관제의 늦음 판정 · 리밸런싱의 다음 거래일	앞날은 규칙으로 정한 것이다 — 임시 휴장은 발표 뒤에 들어온다	market-calendar · data-status		공개 자료			market_calendar	cal_date	API-CAL-01 GET /api/calendar/trading-days	백업하지 않는다 — 다시 만든다	python -m collector.market_calendar build	market_calendar	
events	일정	금융 일정	휴장 · 만기 · 배당 · 실적 · 주주총회 · 금리 회의 · 보고서 기한	시장 전체 일정과 종목 일정 열 가지	매일 다시 만든다	ours · dart · kasi · bok · fed	거래일 달력 · 배당 공시 · 공시 목록 · 기업 일정 · 금리 회의에서 만든다	통째로 지우고 다시 만든다	일정 화면의 달력 · 다가오는 일정 카드	실적 일정은 공시를 낸 날이다 — 실제 발표 시각과 다를 수 있다	market-calendar		공개 자료			market_event	event_id	API-CAL-02 GET /api/calendar/events · API-CAL-03 GET /api/calendar/events/summary	백업하지 않는다 — 다시 만든다	python -m collector.market_calendar build	market_event	
rate-meetings	일정	금통위 · FOMC	한국은행 금융통화위원회와 미국 연준 회의 날짜	발표된 회의 날짜	7일에 한 번	bok · fed	두 곳의 공식 누리집에서 받는다 — 그해 일정이 비어 오면 있던 날짜를 지우지 않는다	받은 그대로 둔다	일정의 금리 회의	아직 발표되지 않은 회의는 없다	market-calendar					policy_meeting	org + meeting_date	API-CAL-02 GET /api/calendar/events?kind=policy_rate,fomc	dart-disclosure-financials policy_meeting(krx-daily-market 에서는 뺀다)	python -m collector.event_sources fetch --force		
policy-news	뉴스	정책뉴스	정부 정책브리핑 기사	정책브리핑 정책뉴스 — 본문은 공공누리 제1유형 기사만	매일 · 사흘 창	briefing	오늘까지 사흘을 한 번에 받는다 · 과거분은 2020 년부터 한 번 받았다	고친 판이 오면 내용을 고친다 — 처음 받은 시각은 그대로 둔다	투자 정보 리서치의 뉴스 찾기	제1유형이 아닌 기사는 제목 · 링크만 있다	agent-news			연도별 줄 수에는 2026-10-04 부터 받은 언론사 기사가 함께 들어 있다	뉴스	news_item	news_id	API-DATA-03 GET /api/data/search?kind=news&source=policy_news	krx-daily-market news_item/year=YYYY	python -m collector.policy_news backfill --from YYYY-MM-DD --to YYYY-MM-DD	news_item	hf:news_item
press-news	뉴스	언론사 기사	국내 언론사 기사의 제목 · 링크 · 시각	한국어 원문 기사 — 본문은 받지 않는다	매일 · 지난 30시간	gdelt	15분마다 나오는 기사 목록 파일에서 한국어 기사만 고른다	같은 주소는 한 번만 남긴다	투자 정보 리서치의 뉴스 찾기	근거 답에 넣지 않는다 — 제목 · 링크만 있다	agent-news					news_item	news_id	API-DATA-03 GET /api/data/search?source=gdelt	krx-daily-market news_item/year=YYYY(정책뉴스와 한 파일)	python -m collector.gdelt_news daily	news_gdelt	
law-base	근거 · 검색	법령 · 규정 근거	AI 투자 상담이 근거로 드는 법령 · 감독규정 조문	기본 근거(금융 법령 · 감독규정)와 섹터 법령의 올해 판	손으로 받는다 — 바뀐 판이 있을 때	law	판마다 받아 둔다 — 새 판은 덮어쓰지 않고 따로 남긴다	조 단위로 나눠 낱말 찾기 · 뜻 찾기 색인에 넣는다	AI 투자 상담의 근거 조문	기준일에 시행 중인 판을 고른다 — 공포만 되고 시행 전인 판은 쓰지 않는다	agent-chat					kb_raw · kb_document · kb_chunk · kb_vector	doc_id + version_label · 조각 rid	API-KB-01 GET /api/kb/documents · API-KB-02 GET /api/kb/search · API-KB-03 POST /api/kb/ask	kb-legal-base(근거 DB 사본 + 벡터 스냅숏 · 손으로)	python -m collector.kb_law fetch		
sector-law	근거 · 검색	섹터 법령	섹터마다 해마다 그해 말에 시행 중이던 법령	섹터 열하나와 공통 · 법률과 시행령	7일에 한 번 바뀐 판을 대조	law	해마다 그해 12월 31일(올해는 받은 날)에 시행 중인 판을 고른다	고른 판이 바뀐 해만 다시 쓴다	올해 판은 법령 · 규정 근거에 들어가 AI 투자 상담이 쓴다	지난 해의 판은 화면이 읽지 않는다 — 백업 파일로 본다	agent-chat					ks_doc · ks_choice · ks_article	title + year + seq	앱이 직접 읽지 않는다(올해 판만 근거 DB 로)	kb-sector-laws by_sector/<섹터>/<해>	python -m collector.kb_sector fetch		
search	근거 · 검색	검색 색인	공시 · 뉴스를 찾는 낱말 · 이름표 색인	공시 목록 · 정책뉴스 · 언론사 기사	매일 · 바뀐 것만	ours · dart · briefing · gdelt	공시 · 뉴스에서 낱말 색인과 이름표(종목 · 주제 · 용어 · 공시 유형)를 만든다	지워도 다시 만들 수 있다	투자 정보 리서치	이름표는 규칙으로 붙인 것이다 — 틀린 이름표가 있을 수 있다	agent-news		우리 계산			doc · doc_tag	rid · rid + tag_type + tag	API-DATA-03 GET /api/data/search	search-index(손으로 올리는 사본)	python -m collector.search_index build --full		
glossary	용어	용어사전	금융 · 투자 용어와 그 다른 이름 · 관계	용어 · 다른 이름 · 관계 · 자료 원천	용어 파일이 바뀔 때	team	금융 교육 자료와 Qurious 화면 용어를 한 파일로 모은다 — 앱이 켜질 때 바뀐 것만 넣는다	이름 · 약어 · 영어 · 초성으로 찾게 다른 이름을 만든다	용어사전 · 화면의 용어 풀이 창	풀이 글을 다른 곳에 옮겨 쓰려면 원저작자 허가가 필요하다	fin-glossary					glossary_categories · glossary_sources · glossary_terms · glossary_aliases · glossary_relations · glossary_loads	glossary_terms.id · glossary_aliases.alias_norm	API-GLOS-01 GET /api/glossary · API-GLOS-03 GET /api/glossary/meta	따로 두지 않는다 — 원본이 앱 파일 app/services/glossary_data/terms.json	python scripts/glossary_build.py		
raw	운영 기록	받은 원문	출처가 준 응답 그대로 — 다시 다듬을 때 쓴다	시세 · 배당 · 공시 · 재무 · 기업 일정 · 정책뉴스 응답	받을 때마다	fsc · dart · briefing	받기 단계가 응답 한 건마다 그대로 남긴다	압축만 한다	다시 다듬기 · 기업 일정을 다시 만들 때 · 받은 시각 확인	원자료 그 자체라 밖으로 내보내지 않는다		백업 파일(복구용)	받은 그대로 · 비공개			raw_response	source + target + fetched_at	앱 API 없음 — API-DATA-02 가 받은 시각만 읽는다	krx-daily-market raw_response/<출처>.parquet(복구용)			hf:raw_response
fetch-log	운영 기록	받은 날 기록	출처 · 기준일마다 받았는지 · 휴장인지	출처 · 기준일(공시는 창)마다 한 줄	받을 때마다	log	모든 받기 단계가 남긴다 — 멈춘 자리에서 다시 시작하는 근거	받은 상태(받음 · 비어 있음 · 휴장 · 오류)만 적는다	자료 직접 받기의 받을 범위 · 휴장 판정	이 PC 에서 받은 기록이다 — 다른 PC 와 다를 수 있다	crawl-manual					ingest_day	source + bas_dt	API-DATA-09 GET /api/data/fetch-plan	krx-daily-market ingest_day(복구용)			hf:ingest_day
run-log	운영 기록	매일 수집 회차 기록	회차마다 단계 결과 · 걸린 시간 · 이 PC 용량	최근 회차와 단계 목록	회차마다	log	매일 낮 수집이 회차를 시작하고 끝낼 때 남긴다	그대로 둔다	데이터 관제 · 수집 일정 · 단계	이 PC 의 작업 기록이다 — 백업하지 않는다	data-status · crawl-auto							API-DATA-01 GET /api/data/status · API-DATA-05 GET /api/data/runner — 상태 폴더 daily_update_last.json · daily_update_history.jsonl · daily_update_steps.json	백업하지 않는다(이 PC 의 작업 기록)	python scripts/daily_update.py status		
