출처	이름	곳	종류	표시	이용조건	공개
fsc	금융위원회 시세	공공데이터포털 — 금융위원회 주식시세정보 · 증권상품시세정보 · 지수시세정보	바깥	출처 표시 · 비상업	공공누리 제4유형 — 출처 표시 · 상업적 이용 금지 · 변경 금지. 제3자에게 다시 나눠 주지 않는다 — 이 서비스 안에서만 보고 내려받기는 두지 않는다	기준일 다음 영업일 13시 뒤 — 매일 낮 수집이 그 뒤 첫 회차에 받는다
yahoo	야후 파이낸스	Yahoo Finance — 분봉	바깥	개인 · 비상업	이용약관의 개인 · 비상업 이용 — 비공개로만 두고 원문은 남기지 않는다	장 중 — 60분봉은 730거래일, 5분봉은 60거래일이 지나면 다시 받을 수 없다
dart	OpenDART	금융감독원 전자공시 — 공시 목록 · 재무 주요 계정 · 공시 본문	바깥	출처 표시	공공데이터 — 이용은 되지만 원자료를 다시 나눠 주지 않는다(재배포 · 재가공의 책임은 이용자에게 있다)	접수 즉시 — 그날 공시는 그날 안에 늘어난다
briefing	정책브리핑	공공데이터포털 — 정책브리핑 정책뉴스	바깥	기사마다 다름	기사마다 공공누리 유형이 다르다 — 제1유형(출처 표시) 기사만 본문을 싣고 나머지는 제목 · 링크만 둔다	승인 즉시 — 매일 사흘 창으로 받는다
gdelt	GDELT	GDELT 프로젝트 — 번역 기사 목록(15분마다)	바깥	제목 · 링크만	언론사 기사의 제목 · 주소 · 시각 · 언론사만 둔다 — 본문을 받지 않고, 다시 나눠 주지 않으며, 근거 답에 넣지 않는다	15분마다 — 매일 지난 30시간을 받는다
kasi	한국천문연구원	공공데이터포털 — 한국천문연구원 특일 정보	바깥	공개 자료	이용허락범위 제한 없음	해마다 — 내년 공휴일은 발표되면 들어온다
bok	한국은행	한국은행 누리집 — 통화정책방향 결정회의 일정	바깥	공개 자료	공식 누리집에 공개된 회의 날짜(사실)	해마다 발표 — 7일에 한 번 다시 확인한다
fed	미국 연방준비제도	연준 누리집 — FOMC 회의 일정	바깥	공개 자료	공식 누리집에 공개된 회의 날짜(사실)	해마다 발표 — 7일에 한 번 다시 확인한다
law	국가법령정보센터	법제처 국가법령정보센터 — 법령 · 행정규칙 본문	바깥	공개 자료	법령 · 고시는 저작권 보호 대상이 아니다(저작권법 제7조)	공포 · 시행 때 — 섹터 법령은 7일에 한 번 바뀐 판을 대조한다
krx	KRX 정보데이터시스템	한국거래소 정보데이터시스템 — 지수 구성 종목 파일	바깥	사람이 받은 파일	사람이 화면에서 받은 파일만 쓴다 — 정보데이터시스템 약관이 자동 수집을 막는다	명단을 고칠 때 사람이 받는다
ours	우리 계산	모은 자료에서 Qurious 가 계산한 값	계산	우리 계산	원자료에서 계산한 값 — 원자료의 이용 조건을 따르며 밖으로 내보내지 않는다	재료가 들어온 날
team	용어 자료	금융 교육 자료와 Qurious 화면 용어	팀	출처 표시	풀이 글은 원저작자의 허가로 싣는다 — 다른 곳에 옮겨 쓰려면 원저작자 허가가 필요하다	용어 파일이 바뀔 때
log	수집 기록	매일 낮 수집이 이 PC 에 남기는 기록	기록	작업 기록	이 PC 의 작업 기록 — 개인정보 · 비밀값은 없다	받을 때 · 회차마다
